,open,high,low,close
2010-01-04,4523,4610,4523,4579
2010-01-05,4592,4606,4572,4589
2010-01-06,4587,4635,4581,4622
2010-01-07,4641,4650,4389,4489
2010-01-08,4505,4510,4412,4462
2010-01-11,4495,4518,4475,4516
2010-01-12,4505,4528,4480,4510
2010-01-13,4420,4460,4354,4418
2010-01-14,4450,4464,4430,4433
2010-01-15,4419,4436,4355,4368
2010-01-18,4339,4399,4310,4395
2010-01-19,4405,4418,4361,4382
2010-01-20,4392,4394,4341,4364
2010-01-21,4337,4366,4326,4352
2010-01-22,4319,4335,4257,4288
2010-01-25,4280,4295,4265,4278
2010-01-26,4286,4290,4258,4265
2010-01-27,4275,4327,4265,4316
2010-01-28,4260,4319,4255,4293
2010-01-29,4281,4315,4276,4300
2010-02-01,4317,4334,4276,4295
2010-02-02,4316,4323,4126,4159
2010-02-03,4175,4188,4136,4180
2010-02-04,4150,4158,4093,4115
2010-02-05,4090,4110,4066,4109
2010-02-08,4120,4139,4103,4129
2010-02-09,4123,4166,4115,4157
2010-02-10,4172,4219,4156,4198
2010-02-11,4210,4236,4190,4229
2010-02-12,4246,4299,4233,4293
2010-02-22,4330,4376,4229,4243
2010-02-23,4240,4297,4220,4283
2010-02-24,4261,4281,4233,4253
2010-02-25,4258,4263,4191,4209
2010-02-26,4208,4219,4175,4214
2010-03-01,4233,4256,4190,4209
2010-03-02,4202,4208,4151,4155
2010-03-03,4173,4173,4133,4143
2010-03-04,4150,4158,4135,4141
2010-03-05,4140,4172,4135,4168
2010-03-08,4171,4205,4165,4189
2010-03-09,4178,4211,4159,4199
2010-03-10,4205,4227,4182,4212
2010-03-11,4220,4236,4166,4215
2010-03-12,4232,4241,4210,4221
2010-03-15,4224,4238,4197,4223
2010-03-16,4213,4357,4209,4343
2010-03-17,4362,4391,4304,4326
2010-03-18,4319,4335,4293,4296
2010-03-19,4299,4330,4284,4320
2010-03-22,4314,4375,4314,4331
2010-03-23,4340,4351,4301,4305
2010-03-24,4313,4348,4294,4341
2010-03-25,4353,4377,4334,4359
2010-03-26,4364,4411,4350,4356
2010-03-29,4375,4388,4345,4373
2010-03-30,4378,4392,4318,4324
2010-03-31,4329,4338,4307,4318
2010-04-01,4328,4329,4288,4316
2010-04-02,4326,4351,4321,4349
2010-04-06,4362,4395,4357,4387
2010-04-07,4402,4417,4392,4409
2010-04-08,4406,4409,4364,4373
2010-04-09,4379,4413,4368,4411
2010-04-12,4428,4448,4416,4435
2010-04-13,4428,4461,4426,4444
2010-04-14,4453,4459,4415,4417
2010-04-15,4415,4426,4375,4382
2010-04-16,4380,4406,4367,4401
2010-04-19,4365,4380,4296,4315
2010-04-20,4333,4340,4307,4335
2010-04-21,4328,4335,4296,4322
2010-04-22,4313,4330,4291,4297
2010-04-23,4295,4309,4286,4303
2010-04-26,4321,4326,4287,4297
2010-04-27,4284,4289,4230,4241
2010-04-28,4184,4212,4148,4151
2010-04-29,4157,4182,4140,4146
2010-04-30,4159,4201,4153,4198
2010-05-04,4179,4239,4172,4228
2010-05-05,4183,4225,4176,4216
2010-05-06,4219,4242,4194,4200
2010-05-07,4173,4181,4100,4108
2010-05-10,4135,4143,4052,4097
2010-05-11,4093,4111,4038,4042
2010-05-12,4034,4037,3958,3969
2010-05-13,3975,3990,3935,3963
2010-05-14,3952,3984,3926,3930
2010-05-17,3883,3892,3741,3749
2010-05-18,3763,3807,3701,3772
2010-05-19,3715,3813,3711,3786
2010-05-20,3811,3860,3792,3814
2010-05-21,3791,3807,3725,3791
2010-05-24,3841,3884,3821,3881
2010-05-25,3856,3876,3823,3827
2010-05-26,3863,3863,3815,3835
2010-05-27,3823,3847,3788,3833
2010-05-28,3856,3876,3813,3819
2010-05-31,3800,3820,3778,3778
2010-06-01,3764,3776,3736,3741
2010-06-02,3736,3767,3711,3748
2010-06-03,3766,3778,3745,3763
2010-06-04,3733,3746,3725,3743
2010-06-07,3622,3647,3570,3584
2010-06-08,3598,3626,3593,3624
2010-06-09,3631,3673,3606,3666
2010-06-10,3652,3663,3631,3645
2010-06-11,3661,3688,3655,3674
2010-06-17,3693,3710,3674,3675
2010-06-18,3674,3686,3649,3651
2010-06-21,3669,3737,3651,3726
2010-06-22,3693,3720,3691,3701
2010-06-23,3662,3680,3622,3643
2010-06-24,3650,3672,3644,3664
2010-06-25,3663,3664,3637,3647
2010-06-28,3665,3671,3591,3602
2010-06-29,3585,3599,3543,3557
2010-06-30,3538,3552,3521,3548
2010-07-01,3538,3548,3515,3523
2010-07-02,3518,3544,3484,3538
2010-07-05,3533,3561,3517,3552
2010-07-06,3535,3558,3520,3527
2010-07-07,3527,3541,3518,3528
2010-07-08,3548,3563,3496,3498
2010-07-09,3496,3521,3475,3513
2010-07-12,3513,3518,3495,3506
2010-07-13,3502,3505,3469,3480
2010-07-14,3481,3491,3455,3469
2010-07-15,3465,3488,3449,3472
2010-07-16,3477,3487,3465,3485
2010-07-19,3469,3558,3464,3554
2010-07-20,3557,3609,3547,3606
2010-07-21,3609,3617,3585,3596
2010-07-22,3602,3610,3582,3592
2010-07-23,3609,3653,3606,3642
2010-07-26,3641,3654,3622,3634
2010-07-27,3634,3636,3571,3574
2010-07-28,3573,3642,3564,3639
2010-07-29,3637,3661,3615,3635
2010-07-30,3638,3706,3634,3704
2010-08-02,3729,3772,3724,3746
2010-08-03,3760,3766,3714,3717
2010-08-04,3715,3745,3693,3743
2010-08-05,3749,3766,3705,3721
2010-08-06,3710,3743,3704,3736
2010-08-09,3739,3799,3739,3798
2010-08-10,3797,3804,3772,3776
2010-08-11,3770,3826,3769,3780
2010-08-12,3761,3761,3717,3720
2010-08-13,3739,3753,3714,3753
2010-08-16,3744,3791,3737,3780
2010-08-17,3789,3804,3763,3786
2010-08-18,3806,3811,3780,3780
2010-08-19,3784,3797,3760,3784
2010-08-20,3770,3773,3727,3730
2010-08-23,3735,3735,3673,3680
2010-08-24,3668,3697,3653,3657
2010-08-25,3638,3664,3631,3644
2010-08-26,3659,3679,3655,3676
2010-08-27,3682,3691,3665,3687
2010-08-30,3714,3753,3703,3752
2010-08-31,3729,3763,3725,3731
2010-09-01,3747,3791,3737,3771
2010-09-02,3799,3814,3789,3805
2010-09-03,3819,3819,3777,3784
2010-09-06,3890,4011,3871,4003
2010-09-07,4003,4011,3966,3987
2010-09-08,3987,3987,3950,3957
2010-09-09,3969,3977,3759,3858
2010-09-10,3864,3919,3853,3913
2010-09-13,3948,3960,3889,3900
2010-09-14,3902,3902,3825,3837
2010-09-15,3851,3854,3820,3836
2010-09-16,3838,3853,3769,3785
2010-09-17,3789,3802,3770,3778
2010-09-20,3789,3837,3775,3797
2010-09-21,3789,3797,3724,3736
2010-09-27,3756,3762,3674,3677
2010-09-28,3669,3702,3650,3670
2010-09-29,3665,3704,3636,3659
2010-09-30,3640,3684,3615,3682
2010-10-08,3681,3716,3666,3698
2010-10-11,3739,3791,3738,3760
2010-10-12,3747,3747,3710,3723
2010-10-13,3741,3748,3716,3743
2010-10-14,3754,3764,3703,3713
2010-10-15,3689,3745,3670,3737
2010-10-18,3717,3793,3711,3759
2010-10-19,3789,3792,3704,3727
2010-10-20,3649,3687,3616,3660
2010-10-21,3677,3698,3653,3666
2010-10-22,3659,3670,3642,3652
2010-10-25,3669,3755,3661,3749
2010-10-26,3758,3764,3709,3716
2010-10-27,3733,3779,3710,3725
2010-10-28,3738,3764,3729,3743
2010-10-29,3739,3754,3714,3744
2010-11-01,3759,3801,3758,3792
2010-11-02,3797,3806,3774,3781
2010-11-03,3804,3827,3780,3790
2010-11-04,3814,3849,3802,3845
2010-11-05,3889,3972,3883,3947
2010-11-08,3969,3969,3918,3948
2010-11-09,3959,4145,3949,4093
2010-11-10,4081,4125,3969,4009
2010-11-11,4024,4091,3982,4032
2010-11-12,4034,4034,3810,3876
2010-11-15,3829,3933,3829,3906
2010-11-16,3917,3926,3871,3885
2010-11-17,3768,3813,3730,3789
2010-11-18,3828,3860,3802,3850
2010-11-19,3883,3905,3823,3882
2010-11-22,3871,3910,3861,3883
2010-11-23,3869,3884,3828,3846
2010-11-24,3854,3938,3837,3934
2010-11-25,3940,3977,3919,3922
2010-11-26,3923,3936,3869,3889
2010-11-29,3899,3919,3874,3907
2010-11-30,3898,3905,3851,3873
2010-12-01,3871,3927,3865,3917
2010-12-02,3947,3963,3914,3924
2010-12-03,3932,3984,3924,3967
2010-12-06,3976,3983,3944,3958
2010-12-07,3962,4010,3949,3999
2010-12-08,3979,3997,3950,3951
2010-12-09,3974,3982,3951,3954
2010-12-10,3947,3971,3932,3966
2010-12-13,3969,4028,3967,4018
2010-12-14,4009,4030,3999,4021
2010-12-15,4017,4053,3990,4011
2010-12-16,4004,4026,3996,4006
2010-12-17,4006,4033,4006,4030
2010-12-20,4049,4066,4009,4040
2010-12-21,4050,4071,4042,4061
2010-12-22,4069,4070,4022,4033
2010-12-23,4037,4038,4002,4013
2010-12-24,4015,4023,3982,4001
2010-12-27,3975,4009,3959,3973
2010-12-28,3977,3994,3976,3983
2010-12-29,3986,4017,3960,4009
2010-12-30,4005,4031,3991,4030
2010-12-31,4017,4053,4017,4051
2011-01-04,4069,4082,4044,4061
2011-01-05,4039,4056,4028,4032
2011-01-06,4045,4064,4041,4048
2011-01-07,4039,4067,4016,4032
2011-01-10,4040,4090,4040,4073
2011-01-11,4073,4083,4067,4082
2011-01-12,4099,4105,4072,4086
2011-01-13,4099,4104,4082,4100
2011-01-14,4105,4157,4091,4142
2011-01-17,4144,4172,4137,4158
2011-01-18,4155,4168,4126,4152
2011-01-19,4162,4180,4150,4170
2011-01-20,4160,4170,4152,4157
2011-01-21,4141,4195,4136,4189
2011-01-24,4198,4215,4189,4204
2011-01-25,4198,4217,4192,4206
2011-01-26,4195,4201,4159,4188
2011-01-27,4193,4197,4132,4169
2011-01-28,4159,4182,4158,4175
2011-01-31,4175,4239,4175,4235
2011-02-01,4240,4262,4224,4261
2011-02-09,4242,4267,4237,4252
2011-02-10,4248,4327,4248,4316
2011-02-11,4318,4358,4291,4295
2011-02-14,4308,4310,4273,4281
2011-02-15,4290,4324,4281,4285
2011-02-16,4268,4268,4206,4230
2011-02-17,4233,4246,4135,4146
2011-02-18,4166,4174,4113,4113
2011-02-21,4118,4169,4098,4154
2011-02-22,4158,4192,4078,4128
2011-02-23,4085,4102,4059,4068
2011-02-24,4083,4088,4008,4020
2011-02-25,4033,4044,3989,3997
2011-02-28,4010,4040,4000,4027
2011-03-01,4039,4052,3944,3965
2011-03-02,3956,3985,3923,3975
2011-03-03,3973,4006,3925,3941
2011-03-04,3948,3956,3898,3944
2011-03-07,3946,3971,3930,3960
2011-03-08,3930,3970,3883,3901
2011-03-09,3899,3923,3885,3899
2011-03-10,3879,3879,3806,3807
2011-03-11,3800,3822,3779,3784
2011-03-14,3788,3869,3769,3861
2011-03-15,3861,3909,3840,3902
2011-03-16,3898,3963,3883,3960
2011-03-17,3933,3977,3923,3945
2011-03-18,3964,3976,3869,3884
2011-03-21,3881,3882,3780,3781
2011-03-22,3770,3814,3755,3776
2011-03-23,3785,3865,3778,3856
2011-03-24,3864,3888,3812,3845
2011-03-25,3862,3871,3833,3858
2011-03-28,3878,3924,3872,3907
2011-03-29,3908,3952,3893,3942
2011-03-30,3955,3961,3903,3922
2011-03-31,3914,3946,3895,3922
2011-04-01,3927,3929,3885,3908
2011-04-06,3908,4004,3905,4002
2011-04-07,4005,4016,3982,4012
2011-04-08,4018,4043,3993,4034
2011-04-11,4049,4065,4021,4048
2011-04-12,4030,4046,4006,4031
2011-04-13,3998,4050,3988,4050
2011-04-14,4038,4059,4029,4035
2011-04-15,4033,4045,3947,3955
2011-04-18,3948,3980,3925,3972
2011-04-19,3956,3968,3886,3902
2011-04-20,3915,3949,3911,3942
2011-04-21,3960,4002,3960,3977
2011-04-22,3988,4008,3965,4001
2011-04-25,4013,4021,3991,4007
2011-04-26,3990,4034,3968,4024
2011-04-27,4038,4050,4004,4013
2011-04-28,4026,4061,4019,4034
2011-04-29,4029,4045,3985,4043
2011-05-03,4051,4093,4051,4081
2011-05-04,4082,4087,4043,4069
2011-05-05,4056,4064,4012,4041
2011-05-06,3978,3986,3926,3932
2011-05-09,3948,3957,3923,3957
2011-05-10,3957,3980,3944,3976
2011-05-11,3985,3994,3947,3950
2011-05-12,3908,3938,3894,3910
2011-05-13,3931,3980,3929,3978
2011-05-16,3969,3985,3944,3946
2011-05-17,3949,3961,3922,3951
2011-05-18,3958,3974,3931,3942
2011-05-19,3969,3975,3945,3958
2011-05-20,3958,3963,3938,3953
2011-05-23,3963,3967,3905,3907
2011-05-24,3903,3939,3901,3936
2011-05-25,3930,3962,3923,3951
2011-05-26,3963,3972,3944,3956
2011-05-27,3950,3966,3946,3965
2011-05-30,3969,4013,3969,4002
2011-05-31,4006,4020,3987,4003
2011-06-01,4005,4013,3994,3994
2011-06-02,3984,3992,3967,3989
2011-06-03,3992,4002,3983,3995
2011-06-07,3985,3993,3975,3992
2011-06-08,3992,4014,3958,3997
2011-06-09,4004,4004,3975,3977
2011-06-10,3987,3993,3976,3981
2011-06-13,3966,3967,3926,3935
2011-06-14,3925,3952,3920,3940
2011-06-15,3949,3950,3923,3924
2011-06-16,3915,3923,3896,3909
2011-06-17,3910,3913,3850,3859
2011-06-20,3849,3858,3813,3816
2011-06-21,3824,3843,3799,3841
2011-06-22,3834,3851,3814,3822
2011-06-23,3817,3871,3811,3862
2011-06-24,3863,3878,3841,3859
2011-06-27,3849,3864,3831,3832
2011-06-28,3834,3847,3823,3834
2011-06-29,3846,3858,3835,3854
2011-06-30,3864,3883,3857,3881
2011-07-01,3873,3877,3851,3854
2011-07-04,3858,3926,3856,3920
2011-07-05,3921,3946,3909,3916
2011-07-06,3921,3942,3912,3940
2011-07-07,3931,3951,3926,3936
2011-07-08,3948,3956,3933,3936
2011-07-11,3930,3995,3926,3980
2011-07-12,3979,4001,3965,3979
2011-07-13,3990,4023,3986,4015
2011-07-14,4013,4018,3994,4000
2011-07-15,3994,4011,3980,3999
2011-07-18,3993,4053,3993,4030
2011-07-19,4030,4048,4014,4043
2011-07-20,4063,4066,4041,4048
2011-07-21,4045,4053,4034,4041
2011-07-22,4046,4060,4042,4053
2011-07-25,4048,4054,4006,4006
2011-07-26,4008,4034,4001,4026
2011-07-27,4039,4052,4030,4045
2011-07-28,4033,4063,4016,4062
2011-07-29,4073,4075,4052,4057
2011-08-01,4068,4112,4068,4103
2011-08-02,4093,4117,4079,4111
2011-08-03,4111,4133,4101,4115
2011-08-04,4106,4117,4103,4108
2011-08-05,4058,4073,4016,4043
2011-08-08,4009,4041,3994,4018
2011-08-09,3936,4016,3794,4001
2011-08-10,4027,4055,4001,4026
2011-08-11,3976,4045,3966,4035
2011-08-12,4051,4065,4038,4045
2011-08-15,4059,4091,4058,4090
2011-08-16,4101,4106,4057,4069
2011-08-17,4067,4101,4067,4099
2011-08-18,4107,4110,4062,4066
2011-08-19,4033,4054,4026,4050
2011-08-22,4054,4081,4044,4052
2011-08-23,4064,4072,4044,4057
2011-08-24,4066,4079,4057,4058
2011-08-25,4057,4063,4024,4052
2011-08-26,4056,4058,4024,4036
2011-08-29,4036,4037,3998,4004
2011-08-30,4010,4054,4008,4046
2011-08-31,4049,4074,4048,4067
2011-09-01,4070,4078,4057,4065
2011-09-02,4061,4069,4048,4068
2011-09-05,4064,4075,4016,4036
2011-09-06,4033,4036,4019,4030
2011-09-07,4038,4072,4038,4061
2011-09-08,4074,4074,4037,4039
2011-09-09,4035,4048,4024,4027
2011-09-13,4011,4034,4003,4019
2011-09-14,4026,4032,3979,3996
2011-09-15,4000,4005,3974,3980
2011-09-16,3988,3995,3957,3968
2011-09-19,3936,3945,3850,3858
2011-09-20,3858,3860,3821,3847
2011-09-21,3838,3886,3834,3869
2011-09-22,3826,3839,3791,3804
2011-09-23,3716,3785,3691,3750
2011-09-26,3736,3758,3602,3634
2011-09-27,3726,3726,3656,3684
2011-09-28,3696,3705,3623,3639
2011-09-29,3529,3584,3518,3534
2011-09-30,3551,3588,3526,3575
2011-10-10,3606,3609,3544,3553
2011-10-11,3576,3626,3552,3558
2011-10-12,3541,3590,3491,3586
2011-10-13,3583,3586,3538,3554
2011-10-14,3536,3576,3524,3550
2011-10-17,3548,3561,3408,3414
2011-10-18,3389,3400,3324,3325
2011-10-19,3356,3359,3251,3283
2011-10-20,3236,3236,3074,3158
2011-10-21,3156,3217,3152,3193
2011-10-24,3232,3352,3191,3302
2011-10-25,3326,3365,3251,3257
2011-10-26,3226,3279,3214,3275
2011-10-27,3286,3305,3262,3276
2011-10-28,3335,3382,3284,3359
2011-10-31,3369,3395,3306,3359
2011-11-01,3366,3366,3288,3291
2011-11-02,3256,3301,3201,3301
2011-11-03,3276,3309,3244,3262
2011-11-04,3296,3385,3290,3377
2011-11-07,3372,3396,3342,3362
2011-11-08,3379,3407,3355,3397
2011-11-09,3407,3436,3391,3417
2011-11-10,3356,3356,3254,3306
2011-11-11,3330,3411,3326,3405
2011-11-14,3436,3475,3426,3445
2011-11-15,3418,3436,3406,3413
2011-11-16,3425,3467,3384,3390
2011-11-17,3406,3441,3386,3434
2011-11-18,3375,3423,3356,3410
2011-11-21,3406,3413,3311,3342
2011-11-22,3307,3348,3296,3345
2011-11-23,3345,3360,3291,3295
2011-11-24,3276,3335,3251,3329
2011-11-25,3315,3325,3284,3301
2011-11-28,3331,3358,3306,3340
2011-11-29,3346,3388,3342,3381
2011-11-30,3382,3395,3326,3331
2011-12-01,3478,3503,3412,3430
2011-12-02,3414,3424,3394,3419
2011-12-05,3417,3433,3413,3420
2011-12-06,3416,3418,3381,3416
2011-12-07,3430,3440,3411,3438
2011-12-08,3426,3434,3409,3432
2011-12-09,3407,3436,3405,3425
2011-12-12,3436,3436,3407,3424
2011-12-13,3407,3415,3389,3407
2011-12-14,3397,3418,3387,3409
2011-12-15,3356,3394,3356,3380
2011-12-16,3387,3446,3384,3445
2011-12-19,3445,3445,3410,3426
2011-12-20,3425,3439,3417,3430
2011-12-21,3453,3460,3431,3437
2011-12-22,3437,3464,3424,3462
2011-12-23,3464,3487,3457,3482
2011-12-26,3481,3500,3474,3482
2011-12-27,3481,3499,3478,3491
2011-12-28,3494,3499,3474,3492
2011-12-29,3476,3489,3454,3457
2011-12-30,3458,3470,3442,3466
2012-01-04,3491,3491,3414,3415
2012-01-05,3409,3450,3401,3434
2012-01-06,3424,3452,3419,3452
2012-01-09,3443,3449,3416,3441
2012-01-10,3441,3473,3431,3471
2012-01-11,3483,3489,3462,3480
2012-01-12,3479,3487,3467,3479
2012-01-13,3486,3491,3469,3485
2012-01-16,3466,3501,3458,3496
2012-01-17,3499,3571,3498,3551
2012-01-18,3552,3577,3543,3557
2012-01-19,3566,3575,3554,3566
2012-01-20,3566,3590,3554,3579
2012-01-30,3577,3603,3573,3576
2012-01-31,3576,3582,3514,3553
2012-02-01,3544,3558,3540,3541
2012-02-02,3550,3576,3547,3574
2012-02-03,3574,3588,3566,3588
2012-02-06,3596,3605,3579,3586
2012-02-07,3586,3591,3528,3530
2012-02-08,3540,3598,3534,3593
2012-02-09,3584,3593,3546,3553
2012-02-10,3556,3569,3538,3542
2012-02-13,3523,3535,3496,3517
2012-02-14,3506,3521,3503,3508
2012-02-15,3509,3512,3442,3445
2012-02-16,3431,3444,3411,3425
2012-02-17,3439,3448,3404,3413
2012-02-20,3446,3446,3424,3434
2012-02-21,3436,3484,3428,3484
2012-02-22,3486,3514,3478,3507
2012-02-23,3504,3511,3481,3493
2012-02-24,3487,3495,3471,3490
2012-02-27,3503,3545,3496,3534
2012-02-28,3529,3551,3523,3551
2012-02-29,3546,3561,3532,3556
2012-03-01,3541,3564,3533,3533
2012-03-02,3546,3559,3538,3551
2012-03-05,3547,3561,3503,3519
2012-03-06,3521,3534,3508,3520
2012-03-07,3490,3511,3482,3505
2012-03-08,3516,3543,3514,3533
2012-03-09,3543,3577,3543,3571
2012-03-12,3583,3591,3570,3587
2012-03-13,3587,3599,3584,3593
2012-03-14,3611,3611,3565,3577
2012-03-15,3573,3592,3562,3589
2012-03-16,3600,3604,3570,3587
2012-03-19,3583,3598,3576,3595
2012-03-20,3598,3605,3579,3585
2012-03-21,3578,3610,3577,3610
2012-03-22,3610,3619,3598,3607
2012-03-23,3604,3607,3590,3599
2012-03-26,3602,3613,3597,3606
2012-03-27,3614,3623,3607,3619
2012-03-28,3617,3620,3597,3597
2012-03-29,3590,3594,3565,3572
2012-03-30,3571,3585,3566,3576
2012-04-05,3570,3618,3543,3606
2012-04-06,3608,3639,3605,3637
2012-04-09,3631,3654,3623,3631
2012-04-10,3625,3645,3625,3636
2012-04-11,3613,3635,3613,3629
2012-04-12,3630,3651,3630,3644
2012-04-13,3653,3657,3620,3629
2012-04-16,3605,3614,3579,3581
2012-04-17,3587,3596,3570,3574
2012-04-18,3583,3600,3573,3594
2012-04-19,3584,3591,3556,3567
2012-04-20,3564,3577,3550,3565
2012-04-23,3567,3567,3529,3533
2012-04-24,3530,3543,3511,3522
2012-04-25,3525,3528,3503,3526
2012-04-26,3527,3543,3523,3542
2012-04-27,3546,3550,3520,3521
2012-05-02,3528,3536,3497,3497
2012-05-03,3490,3504,3486,3491
2012-05-04,3488,3508,3485,3508
2012-05-07,3491,3496,3467,3473
2012-05-08,3478,3485,3462,3465
2012-05-09,3455,3461,3422,3438
2012-05-10,3454,3454,3432,3442
2012-05-11,3439,3441,3400,3402
2012-05-14,3421,3425,3385,3387
2012-05-15,3380,3380,3307,3342
2012-05-16,3322,3350,3302,3302
2012-05-17,3304,3346,3303,3344
2012-05-18,3331,3336,3304,3326
2012-05-21,3326,3351,3322,3342
2012-05-22,3351,3364,3312,3326
2012-05-23,3302,3302,3248,3271
2012-05-24,3267,3280,3255,3278
2012-05-25,3282,3295,3263,3289
2012-05-28,3291,3347,3286,3341
2012-05-29,3332,3370,3324,3367
2012-05-30,3352,3361,3338,3352
2012-05-31,3322,3371,3318,3355
2012-06-01,3352,3367,3338,3347
2012-06-04,3320,3327,3272,3285
2012-06-05,3312,3355,3300,3336
2012-06-06,3337,3365,3332,3348
2012-06-07,3363,3382,3348,3354
2012-06-08,3357,3381,3346,3360
2012-06-11,3377,3394,3366,3375
2012-06-12,3355,3362,3333,3352
2012-06-13,3359,3366,3348,3354
2012-06-14,3349,3370,3342,3362
2012-06-15,3371,3379,3364,3374
2012-06-18,3384,3392,3375,3381
2012-06-19,3377,3384,3372,3378
2012-06-20,3382,3403,3381,3395
2012-06-21,3380,3389,3367,3370
2012-06-25,3354,3371,3347,3359
2012-06-26,3364,3367,3326,3328
2012-06-27,3332,3333,3312,3315
2012-06-28,3319,3338,3319,3337
2012-06-29,3330,3336,3292,3320
2012-07-02,3352,3352,3280,3296
2012-07-03,3293,3337,3283,3330
2012-07-04,3334,3351,3314,3341
2012-07-05,3336,3351,3328,3346
2012-07-06,3347,3351,3329,3341
2012-07-09,3322,3323,3294,3302
2012-07-10,3299,3302,3235,3247
2012-07-11,3240,3263,3220,3243
2012-07-12,3245,3254,3211,3234
2012-07-13,3235,3258,3217,3256
2012-07-16,3254,3256,3197,3204
2012-07-17,3200,3203,3161,3176
2012-07-18,3167,3189,3158,3179
2012-07-19,3175,3184,3134,3140
2012-07-20,3137,3139,3062,3065
2012-07-23,3015,3036,2967,3009
2012-07-24,3010,3045,2993,3024
2012-07-25,3000,3052,2998,3018
2012-07-26,3028,3045,3012,3034
2012-07-27,3041,3083,3034,3077
2012-07-30,3084,3091,3048,3072
2012-07-31,3078,3097,3075,3087
2012-08-01,3080,3080,3013,3018
2012-08-02,3011,3012,2978,2985
2012-08-03,2956,3002,2946,2987
2012-08-06,2991,3014,2965,2997
2012-08-07,2994,3003,2981,3002
2012-08-08,3005,3006,2978,2982
2012-08-09,2981,3007,2981,3006
2012-08-10,3000,3042,2997,3036
2012-08-13,3035,3048,2994,2998
2012-08-14,3000,3011,2971,2981
2012-08-15,2974,3003,2961,2984
2012-08-16,2981,2988,2970,2974
2012-08-17,2979,2985,2929,2941
2012-08-20,2940,2943,2914,2922
2012-08-21,2912,2918,2893,2906
2012-08-22,2905,2926,2870,2872
2012-08-23,2874,2883,2834,2857
2012-08-24,2842,2848,2822,2824
2012-08-27,2821,2839,2807,2828
2012-08-28,2814,2814,2770,2770
2012-08-29,2765,2768,2642,2758
2012-08-30,2749,2767,2696,2752
2012-08-31,2732,2748,2718,2726
2012-09-03,2705,2705,2665,2666
2012-09-04,2646,2655,2591,2597
2012-09-05,2585,2618,2533,2543
2012-09-06,2532,2602,2521,2586
2012-09-07,2584,2721,2578,2721
2012-09-10,2748,2823,2722,2812
2012-09-11,2807,2811,2751,2776
2012-09-12,2766,2821,2748,2772
2012-09-13,2765,2793,2748,2770
2012-09-14,2835,2938,2831,2876
2012-09-17,2853,2886,2823,2869
2012-09-18,2845,2913,2845,2897
2012-09-19,2905,2953,2899,2953
2012-09-20,2935,2952,2793,2798
2012-09-21,2811,2818,2751,2792
2012-09-24,2787,2875,2772,2858
2012-09-25,2873,2902,2845,2862
2012-09-26,2846,2885,2818,2842
2012-09-27,2831,2958,2827,2883
2012-09-28,2893,2914,2864,2912
2012-10-08,2940,2983,2931,2971
2012-10-09,2995,3001,2962,2982
2012-10-10,2972,3014,2955,2997
2012-10-11,2977,2990,2926,2949
2012-10-12,2953,2986,2931,2954
2012-10-15,2917,2946,2883,2897
2012-10-16,2900,2929,2878,2926
2012-10-17,2930,2965,2913,2953
2012-10-18,2963,2980,2953,2961
2012-10-19,2959,2966,2938,2959
2012-10-22,2959,2995,2944,2994
2012-10-23,2995,3008,2915,2922
2012-10-24,2915,2955,2909,2946
2012-10-25,2942,2960,2915,2941
2012-10-26,2935,2964,2917,2945
2012-10-29,2948,2958,2878,2881
2012-10-30,2877,2902,2870,2890
2012-10-31,2892,2899,2851,2896
2012-11-01,2893,2951,2888,2941
2012-11-02,2937,2957,2916,2938
2012-11-05,2917,2937,2879,2903
2012-11-06,2912,2920,2883,2904
2012-11-07,2910,2919,2886,2896
2012-11-08,2867,2900,2856,2889
2012-11-09,2897,2935,2890,2902
2012-11-12,2893,2939,2882,2928
2012-11-13,2922,2932,2903,2911
2012-11-14,2916,2919,2889,2904
2012-11-15,2897,2923,2895,2906
2012-11-16,2905,2920,2897,2905
2012-11-19,2899,2900,2804,2806
2012-11-20,2817,2827,2801,2814
2012-11-21,2817,2841,2813,2832
2012-11-22,2830,2833,2795,2826
2012-11-23,2819,2839,2814,2833
2012-11-26,2822,2829,2805,2815
2012-11-27,2813,2817,2783,2799
2012-11-28,2792,2803,2786,2787
2012-11-29,2782,2783,2729,2730
2012-11-30,2738,2757,2726,2757
2012-12-03,2745,2830,2744,2813
2012-12-04,2808,2831,2798,2824
2012-12-05,2827,2894,2816,2881
2012-12-06,2883,2897,2844,2857
2012-12-07,2857,2920,2852,2918
2012-12-10,2928,2969,2926,2941
2012-12-11,2935,2952,2915,2926
2012-12-12,2926,2965,2917,2953
2012-12-13,2957,2965,2929,2946
2012-12-14,2945,3052,2938,3048
2012-12-17,3050,3098,3041,3074
2012-12-18,3078,3103,3051,3081
2012-12-19,3074,3089,3055,3080
2012-12-20,3075,3084,3026,3051
2012-12-21,3041,3094,3034,3055
2012-12-24,3045,3058,3032,3052
2012-12-25,3047,3147,3042,3135
2012-12-26,3132,3145,3124,3140
2012-12-27,3157,3220,3119,3131
2012-12-28,3132,3178,3131,3178
2012-12-31,3183,3255,3178,3250
2013-01-04,3280,3285,3228,3252
2013-01-07,3291,3309,3256,3266
2013-01-08,3276,3282,3230,3272
2013-01-09,3271,3277,3238,3260
2013-01-10,3256,3292,3244,3282
2013-01-11,3284,3291,3180,3187
2013-01-14,3192,3288,3155,3266
2013-01-15,3267,3274,3231,3239
2013-01-16,3227,3231,3158,3196
2013-01-17,3192,3210,3161,3208
2013-01-18,3222,3266,3214,3264
2013-01-21,3253,3274,3224,3227
2013-01-22,3231,3252,3207,3249
2013-01-23,3252,3317,3242,3315
2013-01-24,3315,3329,3259,3294
2013-01-25,3302,3347,3297,3338
2013-01-28,3337,3342,3318,3330
2013-01-29,3323,3337,3305,3331
2013-01-30,3333,3393,3333,3376
2013-01-31,3388,3392,3362,3389
2013-02-01,3383,3432,3373,3430
2013-02-04,3441,3497,3436,3483
2013-02-05,3463,3467,3379,3402
2013-02-06,3412,3413,3356,3371
2013-02-07,3376,3397,3348,3386
2013-02-08,3387,3401,3377,3389
2013-02-18,3392,3412,3317,3321
2013-02-19,3324,3363,3318,3334
2013-02-20,3334,3352,3299,3319
2013-02-21,3298,3306,3196,3233
2013-02-22,3218,3234,3176,3184
2013-02-25,3188,3197,3146,3164
2013-02-26,3129,3177,3100,3104
2013-02-27,3118,3160,3098,3133
2013-02-28,3138,3213,3138,3201
2013-03-01,3190,3196,3109,3168
2013-03-04,3123,3136,3034,3053
2013-03-05,3063,3097,3039,3087
2013-03-06,3088,3114,3060,3085
2013-03-07,3085,3098,3064,3080
2013-03-08,3102,3109,3038,3076
2013-03-11,3058,3087,3015,3056
2013-03-12,3051,3073,3021,3040
2013-03-13,3045,3047,2968,2981
2013-03-14,2970,2973,2889,2913
2013-03-15,2919,3068,2914,3008
2013-03-18,2981,3011,2932,2977
2013-03-19,2978,2997,2966,2991
2013-03-20,2968,3033,2966,3017
2013-03-21,3033,3076,3021,3050
2013-03-22,3034,3070,3023,3026
2013-03-25,3031,3074,3031,3060
2013-03-26,3053,3093,3011,3030
2013-03-27,3040,3064,3028,3037
2013-03-28,3048,3055,2961,2972
2013-03-29,2936,2988,2915,2958
2013-04-01,2941,2945,2858,2871
2013-04-02,2883,2921,2853,2917
2013-04-03,2908,2967,2902,2946
2013-04-08,2928,2993,2915,2983
2013-04-09,2993,3009,2968,2995
2013-04-10,3007,3010,2971,2995
2013-04-11,2993,3036,2973,2973
2013-04-12,2973,2992,2961,2986
2013-04-15,2948,2951,2859,2886
2013-04-16,2828,2911,2813,2898
2013-04-17,2914,2924,2826,2847
2013-04-18,2769,2833,2746,2799
2013-04-19,2815,2845,2788,2834
2013-04-22,2851,2865,2792,2795
2013-04-23,2801,2812,2732,2748
2013-04-24,2752,2832,2726,2793
2013-04-25,2794,2817,2773,2796
2013-04-26,2819,2831,2748,2748
2013-05-02,2698,2721,2678,2690
2013-05-03,2700,2758,2693,2729
2013-05-06,2778,2798,2758,2770
2013-05-07,2762,2806,2748,2772
2013-05-08,2773,2818,2770,2817
2013-05-09,2814,2822,2754,2769
2013-05-10,2758,2794,2735,2787
2013-05-13,2778,2835,2770,2804
2013-05-14,2806,2816,2759,2781
2013-05-15,2768,2776,2701,2702
2013-05-16,2700,2730,2674,2697
2013-05-17,2703,2776,2671,2770
2013-05-20,2759,2792,2750,2754
2013-05-21,2764,2774,2715,2738
2013-05-22,2733,2761,2712,2742
2013-05-23,2729,2734,2699,2701
2013-05-24,2707,2732,2703,2719
2013-05-27,2701,2701,2644,2644
2013-05-28,2647,2656,2627,2639
2013-05-29,2626,2648,2581,2587
2013-05-30,2570,2603,2568,2586
2013-05-31,2589,2607,2559,2564
2013-06-03,2578,2633,2578,2631
2013-06-04,2636,2642,2604,2626
2013-06-05,2627,2638,2611,2630
2013-06-06,2613,2619,2559,2569
2013-06-07,2567,2573,2539,2569
2013-06-13,2539,2590,2534,2570
2013-06-14,2567,2580,2530,2572
2013-06-17,2608,2656,2601,2625
2013-06-18,2631,2640,2620,2633
2013-06-19,2634,2678,2612,2674
2013-06-20,2660,2663,2602,2630
2013-06-21,2598,2695,2579,2664
2013-06-24,2649,2652,2590,2598
2013-06-25,2607,2614,2563,2604
2013-06-26,2604,2617,2566,2573
2013-06-27,2583,2634,2563,2619
2013-06-28,2611,2650,2608,2636
2013-07-01,2629,2644,2613,2632
2013-07-02,2648,2655,2634,2652
2013-07-03,2656,2703,2648,2696
2013-07-04,2701,2715,2679,2701
2013-07-05,2703,2718,2696,2701
2013-07-08,2698,2703,2655,2688
2013-07-09,2692,2704,2667,2677
2013-07-10,2674,2730,2659,2718
2013-07-11,2729,2780,2711,2726
2013-07-12,2726,2748,2717,2736
2013-07-15,2746,2774,2739,2741
2013-07-16,2745,2763,2733,2757
2013-07-17,2761,2785,2755,2759
2013-07-18,2755,2762,2742,2760
2013-07-19,2768,2792,2765,2772
2013-07-22,2774,2777,2741,2758
2013-07-23,2756,2772,2753,2768
2013-07-24,2771,2788,2755,2774
2013-07-25,2767,2782,2763,2765
2013-07-26,2770,2771,2738,2749
2013-07-29,2730,2733,2707,2717
2013-07-30,2720,2727,2710,2713
2013-07-31,2693,2743,2693,2724
2013-08-01,2735,2740,2716,2727
2013-08-02,2731,2758,2731,2757
2013-08-05,2760,2768,2756,2765
2013-08-06,2767,2773,2751,2771
2013-08-07,2773,2800,2765,2795
2013-08-08,2805,2828,2801,2823
2013-08-09,2824,2838,2798,2835
2013-08-12,2848,2892,2840,2890
2013-08-13,2899,2922,2884,2918
2013-08-14,2918,2928,2885,2899
2013-08-15,2905,2913,2895,2899
2013-08-16,2903,2918,2882,2891
2013-08-19,2882,2923,2865,2892
2013-08-20,2890,2908,2872,2876
2013-08-21,2876,2887,2866,2869
2013-08-22,2857,2879,2842,2849
2013-08-23,2852,2900,2851,2897
2013-08-26,2907,2928,2882,2893
2013-08-27,2881,2910,2856,2898
2013-08-28,2897,2915,2845,2847
2013-08-29,2848,2870,2807,2829
2013-08-30,2813,2849,2812,2833
2013-09-02,2845,2877,2843,2867
2013-09-03,2873,2879,2821,2825
2013-09-04,2824,2836,2809,2817
2013-09-05,2811,2828,2803,2812
2013-09-06,2809,2813,2785,2803
2013-09-09,2812,2844,2812,2832
2013-09-10,2831,2835,2801,2816
2013-09-11,2811,2822,2796,2807
2013-09-12,2803,2814,2790,2793
2013-09-13,2789,2790,2735,2737
2013-09-16,2741,2748,2708,2727
2013-09-17,2725,2741,2716,2727
2013-09-18,2720,2723,2698,2713
2013-09-23,2709,2736,2692,2735
2013-09-24,2733,2744,2706,2707
2013-09-25,2707,2717,2697,2706
2013-09-26,2705,2708,2685,2693
2013-09-27,2690,2692,2650,2656
2013-09-30,2666,2678,2661,2667
2013-10-08,2659,2680,2621,2679
2013-10-09,2674,2701,2660,2669
2013-10-10,2667,2688,2664,2677
2013-10-11,2683,2701,2670,2681
2013-10-14,2682,2708,2678,2705
2013-10-15,2706,2716,2665,2686
2013-10-16,2690,2692,2640,2647
2013-10-17,2657,2666,2637,2638
2013-10-18,2643,2661,2619,2648
2013-10-21,2638,2663,2631,2650
2013-10-22,2645,2657,2635,2637
2013-10-23,2639,2652,2616,2617
2013-10-24,2600,2618,2596,2599
2013-10-25,2601,2610,2565,2566
2013-10-28,2570,2580,2559,2565
2013-10-29,2562,2578,2550,2574
2013-10-30,2578,2601,2567,2601
2013-10-31,2596,2607,2579,2592
2013-11-01,2594,2637,2588,2627
2013-11-04,2631,2641,2617,2633
2013-11-05,2638,2648,2610,2625
2013-11-06,2626,2633,2592,2598
2013-11-07,2599,2644,2599,2635
2013-11-08,2636,2642,2614,2617
2013-11-11,2606,2633,2589,2624
2013-11-12,2624,2637,2613,2626
2013-11-13,2616,2634,2603,2603
2013-11-14,2597,2606,2570,2576
2013-11-15,2580,2592,2546,2547
2013-11-18,2552,2564,2539,2548
2013-11-19,2541,2581,2541,2580
2013-11-20,2586,2607,2579,2602
2013-11-21,2600,2602,2563,2568
2013-11-22,2572,2591,2566,2570
2013-11-25,2580,2598,2570,2592
2013-11-26,2596,2633,2592,2616
2013-11-27,2614,2620,2601,2606
2013-11-28,2604,2638,2602,2626
2013-11-29,2630,2636,2618,2626
2013-12-02,2627,2654,2626,2651
2013-12-03,2646,2665,2643,2665
2013-12-04,2666,2683,2664,2669
2013-12-05,2672,2674,2648,2649
2013-12-06,2648,2660,2639,2658
2013-12-09,2659,2682,2659,2678
2013-12-10,2682,2693,2664,2672
2013-12-11,2674,2694,2647,2691
2013-12-12,2697,2701,2681,2685
2013-12-13,2684,2684,2617,2632
2013-12-16,2636,2650,2624,2627
2013-12-17,2631,2645,2618,2619
2013-12-18,2619,2619,2600,2612
2013-12-19,2617,2628,2598,2608
2013-12-20,2607,2621,2582,2583
2013-12-23,2572,2580,2559,2568
2013-12-24,2565,2588,2564,2584
2013-12-25,2588,2596,2548,2559
2013-12-26,2557,2566,2539,2560
2013-12-27,2559,2577,2552,2568
2013-12-30,2568,2584,2523,2529
2013-12-31,2530,2548,2518,2526
2014-01-02,2518,2548,2518,2546
2014-01-03,2543,2544,2484,2496
2014-01-06,2487,2496,2468,2471
2014-01-07,2473,2476,2418,2421
2014-01-08,2409,2437,2405,2425
2014-01-09,2422,2444,2407,2412
2014-01-10,2408,2453,2397,2448
2014-01-13,2440,2450,2405,2418
2014-01-14,2418,2452,2412,2448
2014-01-15,2444,2463,2437,2454
2014-01-16,2457,2465,2428,2437
2014-01-17,2434,2434,2408,2426
2014-01-20,2421,2434,2402,2407
2014-01-21,2397,2403,2364,2366
2014-01-22,2360,2395,2359,2380
2014-01-23,2382,2421,2376,2419
2014-01-24,2409,2444,2400,2443
2014-01-27,2430,2435,2414,2428
2014-01-28,2419,2421,2386,2387
2014-01-29,2386,2408,2376,2399
2014-01-30,2394,2421,2389,2411
2014-02-07,2404,2406,2357,2367
2014-02-10,2360,2384,2336,2377
2014-02-11,2368,2383,2341,2342
2014-02-12,2339,2362,2338,2349
2014-02-13,2355,2371,2339,2351
2014-02-14,2356,2373,2351,2368
2014-02-17,2371,2415,2370,2411
2014-02-18,2409,2419,2378,2384
2014-02-19,2389,2405,2385,2392
2014-02-20,2387,2388,2347,2350
2014-02-21,2352,2359,2342,2345
2014-02-24,2340,2343,2264,2282
2014-02-25,2281,2298,2251,2264
2014-02-26,2257,2284,2255,2273
2014-02-27,2276,2304,2266,2296
2014-02-28,2295,2300,2254,2274
2014-03-03,2276,2287,2252,2280
2014-03-04,2284,2284,2244,2266
2014-03-05,2272,2295,2250,2280
2014-03-06,2272,2276,2244,2245
2014-03-07,2242,2251,2179,2192
2014-03-10,2147,2147,2078,2078
2014-03-11,2037,2117,2028,2093
2014-03-12,2043,2117,1998,2111
2014-03-13,2116,2142,2102,2141
2014-03-14,2127,2133,2077,2119
2014-03-17,2127,2138,2084,2086
2014-03-18,2085,2132,2082,2097
2014-03-19,2098,2117,2083,2099
2014-03-20,2123,2135,2087,2087
2014-03-21,2088,2109,2068,2077
2014-03-24,2072,2081,2047,2070
2014-03-25,2071,2169,2067,2144
2014-03-26,2141,2143,2119,2132
2014-03-27,2122,2152,2110,2126
2014-03-28,2128,2167,2126,2164
2014-03-31,2168,2203,2167,2185
2014-04-01,2185,2193,2173,2188
2014-04-02,2202,2209,2173,2174
2014-04-03,2171,2200,2168,2193
2014-04-04,2196,2234,2191,2229
2014-04-08,2245,2282,2240,2271
2014-04-09,2273,2276,2237,2241
2014-04-10,2247,2262,2224,2225
2014-04-11,2230,2233,2210,2217
2014-04-14,2213,2251,2205,2217
2014-04-15,2214,2226,2193,2226
2014-04-16,2216,2217,2180,2186
2014-04-17,2193,2198,2181,2181
2014-04-18,2180,2180,2093,2102
2014-04-21,2109,2117,2092,2092
2014-04-22,2089,2110,2068,2101
2014-04-23,2105,2125,2073,2123
2014-04-24,2124,2146,2119,2140
2014-04-25,2146,2153,2124,2133
2014-04-28,2118,2118,2072,2079
2014-04-29,2078,2119,2077,2105
2014-04-30,2105,2108,2077,2084
2014-05-05,2077,2102,2048,2095
2014-05-06,2093,2106,2074,2082
2014-05-07,2078,2089,2052,2052
2014-05-08,2042,2060,2029,2038
2014-05-09,2039,2044,2015,2025
2014-05-12,2009,2051,2009,2050
2014-05-13,2055,2059,2019,2022
2014-05-14,2023,2037,2018,2023
2014-05-15,2021,2031,1987,1988
2014-05-16,1984,1987,1920,1947
2014-05-19,1938,1964,1929,1937
2014-05-20,1934,1942,1919,1925
2014-05-21,1925,1944,1912,1932
2014-05-22,1929,1973,1929,1936
2014-05-23,1942,1951,1930,1938
2014-05-26,1945,2004,1944,1997
2014-05-27,1997,2013,1984,2001
2014-05-28,1996,2002,1959,1973
2014-05-29,1971,1983,1965,1968
2014-05-30,1963,1963,1904,1913
2014-06-03,1915,1926,1897,1914
2014-06-04,1912,1926,1909,1918
2014-06-05,1922,1935,1891,1924
2014-06-06,1925,1942,1918,1936
2014-06-09,1930,1942,1914,1921
2014-06-10,1926,1937,1900,1925
2014-06-11,1925,1929,1902,1903
2014-06-12,1898,1905,1883,1884
2014-06-13,1875,1905,1872,1886
2014-06-16,1875,1881,1857,1858
2014-06-17,1856,1882,1851,1875
2014-06-18,1877,1884,1862,1866
2014-06-19,1865,1880,1861,1866
2014-06-20,1867,1903,1856,1901
2014-06-23,1898,1934,1898,1929
2014-06-24,1922,1926,1904,1921
2014-06-25,1921,1943,1920,1936
2014-06-26,1942,1976,1939,1972
2014-06-27,1972,1979,1943,1945
2014-06-30,1947,1947,1927,1933
2014-07-01,1939,1945,1919,1926
2014-07-02,1929,1957,1906,1954
2014-07-03,1960,1972,1937,1940
2014-07-04,1941,1955,1932,1941
2014-07-07,1947,1950,1917,1932
2014-07-08,1935,1962,1922,1960
2014-07-09,1960,1962,1936,1939
2014-07-10,1937,1980,1932,1957
2014-07-11,1959,1975,1953,1972
2014-07-14,1975,1998,1972,1990
2014-07-15,1992,1999,1980,1989
2014-07-16,1989,1993,1976,1976
2014-07-17,1973,1983,1964,1965
2014-07-18,1962,1963,1890,1895
2014-07-21,1908,1908,1885,1886
2014-07-22,1883,1906,1883,1889
2014-07-23,1887,1892,1875,1880
2014-07-24,1875,1899,1872,1878
2014-07-25,1883,1896,1876,1892
2014-07-28,1889,1925,1889,1920
2014-07-29,1929,1959,1920,1949
2014-07-30,1942,1944,1914,1916
2014-07-31,1917,1928,1909,1913
2014-08-01,1906,1925,1895,1911
2014-08-04,1908,1952,1904,1950
2014-08-05,1950,1967,1941,1946
2014-08-06,1938,1964,1935,1948
2014-08-07,1952,1969,1944,1944
2014-08-08,1941,1950,1920,1931
2014-08-11,1929,1943,1906,1906
2014-08-12,1901,1913,1896,1907
2014-08-13,1907,1916,1886,1888
2014-08-14,1885,1890,1864,1865
2014-08-15,1862,1881,1858,1875
2014-08-18,1874,1880,1850,1854
2014-08-19,1853,1871,1847,1859
2014-08-20,1854,1856,1834,1834
2014-08-21,1835,1839,1824,1827
2014-08-22,1824,1845,1823,1830
2014-08-25,1819,1822,1805,1818
2014-08-26,1819,1834,1808,1823
2014-08-27,1827,1833,1808,1809
2014-08-28,1805,1813,1770,1781
2014-08-29,1776,1791,1771,1784
2014-09-01,1787,1787,1758,1759
2014-09-02,1759,1773,1740,1754
2014-09-03,1746,1749,1694,1697
2014-09-04,1698,1707,1681,1682
2014-09-05,1683,1691,1670,1678
2014-09-09,1664,1674,1610,1612
2014-09-10,1604,1656,1569,1624
2014-09-11,1618,1628,1593,1601
2014-09-12,1600,1635,1596,1634
2014-09-15,1656,1676,1645,1670
2014-09-16,1670,1678,1626,1632
2014-09-17,1649,1658,1626,1648
2014-09-18,1640,1641,1610,1611
2014-09-19,1602,1608,1552,1558
2014-09-22,1538,1540,1463,1463
2014-09-23,1454,1492,1435,1460
2014-09-24,1456,1481,1453,1460
2014-09-25,1457,1466,1382,1392
2014-09-26,1388,1468,1382,1434
2014-09-29,1429,1442,1363,1373
2014-09-30,1382,1406,1370,1376
2014-10-08,1399,1414,1351,1357
2014-10-09,1357,1409,1354,1394
2014-10-10,1387,1441,1375,1419
2014-10-13,1450,1508,1444,1507
2014-10-14,1506,1515,1475,1493
2014-10-15,1498,1518,1478,1498
2014-10-16,1479,1527,1447,1499
2014-10-17,1500,1518,1476,1490
2014-10-20,1492,1517,1482,1513
2014-10-21,1510,1522,1495,1496
2014-10-22,1498,1501,1436,1446
2014-10-23,1440,1459,1422,1432
2014-10-24,1432,1457,1426,1453
2014-10-27,1456,1465,1440,1448
2014-10-28,1443,1458,1429,1447
2014-10-29,1447,1489,1441,1488
2014-10-30,1490,1519,1479,1489
2014-10-31,1488,1494,1462,1464
2014-11-03,1459,1482,1440,1441
2014-11-04,1434,1469,1428,1457
2014-11-05,1453,1466,1411,1412
2014-11-06,1421,1436,1411,1425
2014-11-07,1426,1449,1405,1435
2014-11-10,1458,1474,1447,1456
2014-11-11,1454,1461,1436,1451
2014-11-12,1459,1467,1441,1453
2014-11-13,1448,1448,1417,1419
2014-11-14,1414,1434,1413,1423
2014-11-17,1428,1434,1406,1413
2014-11-18,1407,1407,1330,1341
2014-11-19,1340,1360,1332,1345
2014-11-20,1346,1358,1336,1338
2014-11-21,1322,1358,1316,1347
2014-11-24,1370,1378,1335,1336
2014-11-25,1334,1351,1323,1349
2014-11-26,1341,1354,1330,1347
2014-11-27,1356,1438,1352,1438
2014-11-28,1421,1474,1415,1447
2014-12-01,1428,1445,1404,1420
2014-12-02,1447,1455,1381,1402
2014-12-03,1398,1438,1391,1431
2014-12-04,1433,1492,1431,1466
2014-12-05,1468,1475,1448,1459
2014-12-08,1464,1490,1439,1441
2014-12-09,1434,1456,1404,1456
2014-12-10,1457,1471,1436,1462
2014-12-11,1457,1502,1450,1465
2014-12-12,1465,1490,1462,1484
2014-12-15,1489,1495,1469,1469
2014-12-16,1454,1456,1428,1447
2014-12-17,1435,1448,1430,1439
2014-12-18,1444,1453,1418,1445
2014-12-19,1449,1470,1444,1466
2014-12-22,1459,1463,1401,1412
2014-12-23,1396,1396,1362,1366
2014-12-24,1365,1402,1360,1395
2014-12-25,1393,1396,1375,1381
2014-12-26,1382,1387,1372,1379
2014-12-29,1375,1423,1365,1418
2014-12-30,1418,1507,1411,1507
2014-12-31,1517,1525,1474,1493
2015-01-05,1449,1469,1439,1459
2015-01-06,1450,1546,1447,1518
2015-01-07,1514,1514,1467,1484
2015-01-08,1484,1502,1462,1478
2015-01-09,1483,1487,1445,1456
2015-01-12,1456,1484,1400,1401
2015-01-13,1397,1413,1382,1410
2015-01-14,1398,1419,1355,1386
2015-01-15,1382,1423,1371,1418
2015-01-16,1418,1431,1396,1409
2015-01-19,1398,1425,1369,1415
2015-01-20,1411,1427,1385,1387
2015-01-21,1384,1412,1369,1371
2015-01-22,1360,1390,1359,1378
2015-01-23,1377,1395,1370,1383
2015-01-26,1381,1385,1340,1349
2015-01-27,1353,1366,1348,1354
2015-01-28,1362,1374,1353,1373
2015-01-29,1371,1412,1369,1406
2015-01-30,1413,1413,1390,1397
2015-02-02,1402,1425,1385,1391
2015-02-03,1395,1403,1372,1373
2015-02-04,1379,1411,1365,1366
2015-02-05,1379,1391,1371,1371
2015-02-06,1375,1396,1374,1395
2015-02-09,1394,1408,1364,1377
2015-02-10,1376,1394,1375,1388
2015-02-11,1391,1394,1379,1389
2015-02-12,1389,1394,1373,1388
2015-02-13,1387,1419,1386,1413
2015-02-16,1413,1448,1408,1423
2015-02-17,1423,1429,1403,1420
2015-02-25,1412,1413,1374,1382
2015-02-26,1385,1408,1384,1404
2015-02-27,1409,1409,1361,1363
2015-03-02,1361,1382,1325,1371
2015-03-03,1365,1381,1351,1367
2015-03-04,1363,1369,1353,1363
2015-03-05,1365,1366,1327,1346
2015-03-06,1344,1347,1315,1317
2015-03-09,1316,1330,1284,1299
2015-03-10,1299,1303,1251,1252
2015-03-11,1253,1274,1249,1268
2015-03-12,1271,1304,1261,1293
2015-03-13,1302,1313,1282,1290
2015-03-16,1288,1321,1277,1317
2015-03-17,1317,1321,1302,1309
2015-03-18,1308,1319,1270,1280
2015-03-19,1277,1299,1271,1279
2015-03-20,1279,1295,1274,1278
2015-03-23,1280,1346,1268,1345
2015-03-24,1347,1371,1335,1339
2015-03-25,1335,1344,1302,1304
2015-03-26,1299,1311,1285,1288
2015-03-27,1292,1292,1204,1274
2015-03-30,1269,1295,1247,1248
2015-03-31,1268,1274,1211,1228
2015-04-01,1220,1225,1178,1187
2015-04-02,1174,1196,1136,1139
2015-04-03,1140,1171,1133,1138
2015-04-07,1127,1140,1106,1108
2015-04-08,1103,1132,1081,1121
2015-04-09,1120,1122,1084,1087
2015-04-10,1088,1095,1063,1063
2015-04-13,1060,1131,1059,1126
2015-04-14,1132,1138,1099,1121
2015-04-15,1124,1128,1091,1094
2015-04-16,1093,1126,1088,1115
2015-04-17,1114,1132,1106,1108
2015-04-20,1102,1111,1075,1076
2015-04-21,1074,1088,1067,1078
2015-04-22,1079,1131,1079,1124
2015-04-23,1125,1129,1103,1120
2015-04-24,1122,1185,1121,1175
2015-04-27,1181,1210,1163,1205
2015-04-28,1214,1227,1181,1195
2015-04-29,1195,1209,1128,1137
2015-04-30,1143,1174,1138,1162
2015-05-04,1180,1218,1168,1210
2015-05-05,1211,1239,1196,1225
2015-05-06,1227,1244,1215,1227
2015-05-07,1230,1234,1198,1204
2015-05-08,1207,1217,1183,1209
2015-05-11,1214,1231,1204,1218
2015-05-12,1217,1224,1186,1188
2015-05-13,1192,1204,1173,1180
2015-05-14,1181,1187,1139,1160
2015-05-15,1157,1170,1148,1169
2015-05-18,1169,1171,1145,1146
2015-05-19,1139,1152,1135,1139
2015-05-20,1134,1139,1099,1111
2015-05-21,1111,1150,1110,1141
2015-05-22,1143,1156,1123,1148
2015-05-25,1145,1147,1124,1144
2015-05-26,1145,1175,1143,1148
2015-05-27,1147,1161,1139,1152
2015-05-28,1152,1170,1139,1152
2015-05-29,1152,1162,1132,1156
2015-06-01,1153,1183,1144,1169
2015-06-02,1172,1176,1160,1172
2015-06-03,1175,1176,1145,1146
2015-06-04,1144,1156,1133,1153
2015-06-05,1153,1162,1122,1138
2015-06-08,1135,1138,1124,1131
2015-06-09,1127,1153,1125,1134
2015-06-10,1135,1145,1124,1133
2015-06-11,1141,1156,1137,1152
2015-06-12,1145,1148,1093,1096
2015-06-15,1095,1111,1073,1078
2015-06-16,1070,1085,1035,1040
2015-06-17,1037,1046,1015,1020
2015-06-18,1023,1049,1019,1042
2015-06-19,1042,1064,1041,1043
2015-06-23,1037,1039,1023,1036
2015-06-24,1036,1044,1027,1038
2015-06-25,1039,1043,1012,1015
2015-06-26,1014,1034,1000,1010
2015-06-29,1012,1023,975,978
2015-06-30,977,977,892,932
2015-07-01,932,937,914,921
2015-07-02,917,936,886,921
2015-07-03,913,952,911,918
2015-07-06,913,916,824,824
2015-07-07,800,825,745,754
2015-07-08,762,802,688,688
2015-07-09,702,832,690,801
2015-07-10,817,865,804,804
2015-07-13,799,829,789,805
2015-07-14,815,830,796,804
2015-07-15,803,813,780,787
2015-07-16,787,818,753,802
2015-07-17,805,812,785,803
2015-07-20,796,875,786,870
2015-07-21,862,883,837,839
2015-07-22,832,843,768,789
2015-07-23,789,820,775,808
2015-07-24,808,822,792,802
2015-07-27,806,857,804,832
2015-07-28,830,860,810,830
2015-07-29,834,876,833,868
2015-07-30,866,874,839,843
2015-07-31,840,865,835,853
2015-08-03,853,890,831,836
2015-08-04,841,860,826,855
2015-08-05,854,865,840,856
2015-08-06,857,860,824,834
2015-08-07,829,837,801,821
2015-08-10,815,825,796,803
2015-08-11,802,832,801,811
2015-08-12,807,831,801,829
2015-08-13,838,861,834,850
2015-08-14,847,851,839,843
2015-08-17,847,853,816,817
2015-08-18,813,826,805,807
2015-08-19,807,811,782,802
2015-08-20,800,806,778,786
2015-08-21,792,798,781,782
2015-08-24,779,784,688,692
2015-08-25,694,723,675,691
2015-08-26,719,733,694,695
2015-08-27,693,743,689,727
2015-08-28,728,762,723,734
2015-08-31,730,735,703,710
2015-09-01,713,728,704,721
2015-09-02,718,725,707,713
2015-09-07,712,713,597,678
2015-09-08,678,707,674,707
2015-09-09,710,737,704,706
2015-09-10,708,725,697,714
2015-09-11,715,727,704,704
2015-09-14,702,706,684,687
2015-09-15,683,692,665,667
2015-09-16,668,699,668,692
2015-09-17,691,708,683,684
2015-09-18,686,693,676,680
2015-09-21,678,683,652,662
2015-09-22,666,671,642,649
2015-09-23,645,663,635,660
2015-09-24,663,664,646,651
2015-09-25,650,668,643,649
2015-09-28,643,643,613,617
2015-09-29,610,616,586,591
2015-09-30,595,596,573,579
2015-10-08,595,609,576,584
2015-10-09,584,622,579,610
2015-10-12,615,626,594,605
2015-10-13,606,610,578,596
2015-10-14,594,601,584,588
2015-10-15,589,602,584,592
2015-10-16,592,594,578,588
2015-10-19,587,599,558,565
2015-10-20,564,573,553,559
2015-10-21,558,569,546,562
2015-10-22,562,576,559,563
2015-10-23,563,567,539,559
2015-10-26,561,566,551,559
2015-10-27,558,576,556,562
2015-10-28,560,562,542,550
2015-10-29,548,559,541,553
2015-10-30,554,555,537,540
2015-11-02,540,554,537,545
2015-11-03,543,547,531,537
2015-11-04,537,541,532,537
2015-11-05,538,545,525,533
2015-11-06,534,565,532,551
2015-11-09,548,565,545,562
2015-11-10,563,568,547,554
2015-11-11,552,553,532,534
2015-11-12,537,537,517,522
2015-11-13,521,525,515,516
2015-11-16,516,525,509,510
2015-11-17,510,515,505,509
2015-11-18,509,510,488,493
2015-11-19,493,494,449,462
2015-11-20,461,469,450,452
2015-11-23,452,452,406,416
2015-11-24,417,430,409,424
2015-11-25,423,486,416,433
2015-11-26,430,479,423,437
2015-11-27,437,442,411,413
2015-11-30,409,417,378,383
2015-12-01,385,399,375,390
2015-12-02,387,430,383,416
2015-12-03,414,424,389,392
2015-12-04,392,414,387,407
2015-12-07,409,433,400,427
2015-12-08,425,426,402,411
2015-12-09,408,424,406,413
2015-12-10,413,420,400,405
2015-12-11,403,419,397,415
2015-12-14,416,427,405,422
2015-12-15,418,443,413,414
2015-12-16,413,431,412,430
2015-12-17,430,451,430,434
2015-12-18,433,471,433,469
2015-12-21,476,514,469,506
2015-12-22,506,521,476,488
2015-12-23,485,488,464,474
2015-12-24,474,498,472,481
2015-12-25,479,495,477,494
2015-12-28,494,503,477,498
2015-12-29,497,547,496,537
2015-12-30,536,563,528,537
2015-12-31,539,561,533,541
2016-01-04,578,603,530,534
2016-01-05,536,546,518,546
2016-01-06,544,547,526,532
2016-01-07,527,543,523,530
2016-01-08,526,532,504,516
2016-01-11,514,529,505,515
2016-01-12,516,522,496,498
2016-01-13,498,509,492,497
2016-01-14,499,516,489,515
2016-01-15,515,544,511,535
2016-01-18,534,589,527,584
2016-01-19,582,598,574,596
2016-01-20,595,599,570,575
2016-01-21,572,581,562,565
2016-01-22,567,613,564,580
2016-01-25,585,613,580,597
2016-01-26,597,605,589,602
2016-01-27,607,628,597,620
2016-01-28,618,619,567,572
2016-01-29,570,584,562,571
2016-02-01,573,602,572,576
2016-02-02,577,581,558,572
2016-02-03,577,587,564,583
2016-02-04,583,612,582,608
2016-02-05,610,619,583,600
2016-02-15,592,637,590,629
2016-02-16,629,637,618,622
2016-02-17,623,633,612,618
2016-02-18,621,628,612,627
2016-02-19,629,656,621,654
2016-02-22,654,725,649,719
2016-02-23,714,722,678,683
2016-02-24,679,694,673,686
2016-02-25,686,718,681,685
2016-02-26,689,696,655,679
2016-02-29,679,730,669,726
2016-03-01,732,767,718,751
2016-03-02,754,766,741,750
2016-03-03,747,756,724,731
2016-03-04,729,754,709,744
2016-03-07,747,830,740,830
2016-03-08,951,951,834,951
2016-03-09,906,920,792,861
2016-03-10,869,958,864,887
2016-03-11,868,890,825,842
2016-03-14,817,893,802,803
2016-03-15,797,823,784,789
2016-03-16,786,828,785,825
2016-03-17,827,903,823,895
2016-03-18,899,966,890,935
2016-03-21,934,1027,904,964
2016-03-22,970,997,961,975
2016-03-23,972,1057,955,1010
2016-03-24,1015,1022,923,937
2016-03-25,934,1002,931,1001
2016-03-28,1007,1036,944,949
2016-03-29,957,989,940,976
2016-03-30,980,982,908,930
2016-03-31,926,957,922,953
2016-04-01,957,1013,953,1010
2016-04-05,1024,1024,969,1011
2016-04-06,1011,1024,979,999
2016-04-07,997,1029,988,1008
2016-04-08,1005,1016,995,1013
2016-04-11,1018,1132,1016,1110
2016-04-12,1119,1161,1104,1161
2016-04-13,1168,1252,1149,1170
2016-04-14,1172,1194,1132,1141
2016-04-15,1137,1157,1113,1117
2016-04-18,1104,1234,1104,1208
2016-04-19,1214,1311,1213,1311
2016-04-20,1318,1409,1318,1409
2016-04-21,1429,1604,1427,1567
2016-04-22,1552,1555,1408,1436
2016-04-25,1425,1598,1402,1460
2016-04-26,1424,1467,1335,1371
2016-04-27,1367,1404,1268,1317
2016-04-28,1320,1365,1273,1356
2016-04-29,1365,1407,1350,1397
2016-05-03,1363,1363,1251,1269
2016-05-04,1257,1265,1184,1199
2016-05-05,1191,1221,1117,1127
2016-05-06,1138,1157,1099,1154
2016-05-09,1161,1170,993,993
2016-05-10,923,982,903,965
2016-05-11,973,993,936,964
2016-05-12,972,977,891,892
2016-05-13,882,896,819,848
2016-05-16,840,904,832,870
2016-05-17,876,936,860,932
2016-05-18,927,951,854,873
2016-05-19,868,891,843,861
2016-05-20,848,896,835,880
2016-05-23,883,887,748,765
2016-05-24,763,783,735,776
2016-05-25,781,790,731,734
2016-05-26,738,776,725,771
2016-05-27,783,866,744,851
2016-05-30,851,872,714,808
2016-05-31,803,846,791,796
2016-06-01,793,802,757,773
2016-06-02,758,798,758,772
2016-06-03,770,821,769,806
2016-06-06,827,899,800,877
2016-06-07,883,920,873,895
2016-06-08,894,932,857,917
2016-06-13,910,1006,909,988
2016-06-14,988,1001,889,890
2016-06-15,880,919,871,885
2016-06-16,900,936,886,892
2016-06-17,887,898,847,892
2016-06-20,890,917,874,880
2016-06-21,871,932,866,900
2016-06-22,898,961,894,961
2016-06-23,966,979,949,959
2016-06-24,971,986,918,944
2016-06-27,943,1086,943,1086
2016-06-28,1086,1105,1053,1083
2016-06-29,1082,1097,1044,1059
2016-06-30,1055,1163,1051,1155
2016-07-01,1159,1192,1127,1167
2016-07-04,1167,1286,1167,1242
2016-07-05,1248,1271,1129,1220
2016-07-06,1211,1247,1145,1196
2016-07-07,1188,1273,1167,1205
2016-07-08,1205,1265,1183,1263
2016-07-11,1282,1301,1183,1248
2016-07-12,1253,1381,1235,1376
2016-07-13,1358,1407,1330,1334
2016-07-14,1341,1359,1297,1342
2016-07-15,1333,1374,1298,1345
2016-07-18,1346,1353,1180,1180
2016-07-19,1172,1176,1082,1115
2016-07-20,1122,1154,1101,1128
2016-07-21,1127,1249,1096,1214
2016-07-22,1208,1217,1115,1128
2016-07-25,1129,1185,1097,1160
2016-07-26,1168,1197,1128,1197
2016-07-27,1195,1267,1185,1236
2016-07-28,1239,1321,1230,1298
2016-07-29,1293,1302,1215,1230
2016-08-01,1238,1338,1201,1313
2016-08-02,1318,1346,1297,1332
2016-08-03,1335,1339,1289,1315
2016-08-04,1313,1321,1236,1271
2016-08-05,1279,1370,1268,1356
2016-08-08,1356,1436,1335,1425
2016-08-09,1425,1446,1367,1407
2016-08-10,1398,1454,1381,1405
2016-08-11,1405,1420,1354,1412
2016-08-12,1398,1408,1374,1395
2016-08-15,1379,1400,1326,1389
2016-08-16,1389,1505,1381,1466
2016-08-17,1458,1485,1404,1407
2016-08-18,1399,1426,1370,1393
2016-08-19,1381,1418,1341,1411
2016-08-22,1408,1445,1396,1397
2016-08-23,1393,1458,1381,1440
2016-08-24,1443,1464,1419,1433
2016-08-25,1444,1464,1335,1411
2016-08-26,1409,1417,1344,1346
2016-08-29,1336,1345,1294,1321
2016-08-30,1329,1335,1262,1266
2016-08-31,1274,1293,1233,1236
2016-09-01,1228,1256,1206,1246
2016-09-02,1244,1308,1232,1250
2016-09-05,1259,1307,1255,1280
2016-09-06,1280,1301,1256,1272
2016-09-07,1268,1271,1174,1178
2016-09-08,1178,1201,1165,1182
2016-09-09,1179,1190,1147,1187
2016-09-12,1187,1201,1114,1121
2016-09-13,1120,1143,1092,1100
2016-09-14,1094,1120,1090,1094
2016-09-19,1044,1093,1041,1083
2016-09-20,1081,1129,1081,1108
2016-09-21,1108,1119,1086,1101
2016-09-22,1098,1174,1097,1124
2016-09-23,1129,1157,1124,1153
2016-09-26,1155,1197,1153,1160
2016-09-27,1163,1165,1096,1117
2016-09-28,1112,1131,1099,1129
2016-09-29,1133,1176,1114,1117
2016-09-30,1114,1132,1092,1097
2016-10-10,1084,1118,1054,1114
2016-10-11,1117,1183,1117,1183
2016-10-12,1184,1203,1155,1202
2016-10-13,1207,1212,1175,1198
2016-10-14,1197,1266,1188,1243
2016-10-17,1235,1294,1234,1275
2016-10-18,1274,1287,1246,1285
