股票,申万一级行业
600000.SH,138.000000
600001.SH,157.000000
600003.SH,9.000000
600004.SH,9.000000
600005.SH,157.000000
600006.SH,7.000000
600007.SH,59.000000
600008.SH,20.000000
600009.SH,9.000000
600010.SH,157.000000
600011.SH,20.000000
600012.SH,9.000000
600015.SH,138.000000
600016.SH,138.000000
600017.SH,9.000000
600018.SH,9.000000
600019.SH,157.000000
600020.SH,9.000000
600021.SH,20.000000
600022.SH,157.000000
600026.SH,9.000000
600027.SH,20.000000
600028.SH,37.000000
600029.SH,9.000000
600030.SH,138.000000
600031.SH,73.000000
600033.SH,9.000000
600035.SH,9.000000
600036.SH,138.000000
600037.SH,14.000000
600038.SH,7.000000
600039.SH,56.000000
600048.SH,59.000000
600050.SH,14.000000
600051.SH,109.000000
600052.SH,59.000000
600053.SH,125.000000
600054.SH,151.000000
600055.SH,42.000000
600056.SH,45.000000
600057.SH,15.000000
600058.SH,45.000000
600059.SH,149.000000
600060.SH,53.000000
600061.SH,37.000000
600062.SH,42.000000
600063.SH,37.000000
600064.SH,59.000000
600066.SH,7.000000
600067.SH,109.000000
600068.SH,56.000000
600069.SH,125.000000
600070.SH,108.000000
600071.SH,73.000000
600072.SH,7.000000
600073.SH,149.000000
600074.SH,37.000000
600075.SH,37.000000
600076.SH,15.000000
600077.SH,9.000000
600078.SH,37.000000
600079.SH,42.000000
600080.SH,42.000000
600081.SH,7.000000
600082.SH,59.000000
600083.SH,94.000000
600084.SH,149.000000
600085.SH,42.000000
600086.SH,125.000000
600087.SH,9.000000
600088.SH,14.000000
600089.SH,73.000000
600090.SH,149.000000
600091.SH,37.000000
600093.SH,30.000000
600094.SH,37.000000
600095.SH,109.000000
600096.SH,37.000000
600097.SH,73.000000
600098.SH,20.000000
600099.SH,7.000000
600100.SH,15.000000
600101.SH,20.000000
600102.SH,157.000000
600103.SH,125.000000
600104.SH,7.000000
600105.SH,15.000000
600106.SH,9.000000
600107.SH,108.000000
600108.SH,30.000000
600109.SH,138.000000
600110.SH,67.000000
600111.SH,67.000000
600112.SH,73.000000
600113.SH,109.000000
600114.SH,73.000000
600115.SH,9.000000
600116.SH,20.000000
600117.SH,157.000000
600118.SH,7.000000
600119.SH,109.000000
600120.SH,45.000000
600121.SH,133.000000
600122.SH,45.000000
600123.SH,133.000000
600125.SH,9.000000
600126.SH,157.000000
600127.SH,30.000000
600128.SH,45.000000
600129.SH,42.000000
600130.SH,15.000000
600131.SH,20.000000
600132.SH,149.000000
600133.SH,109.000000
600135.SH,125.000000
600136.SH,59.000000
600137.SH,108.000000
600138.SH,151.000000
600139.SH,67.000000
600141.SH,37.000000
600143.SH,37.000000
600145.SH,56.000000
600146.SH,37.000000
600148.SH,7.000000
600149.SH,15.000000
600150.SH,7.000000
600151.SH,109.000000
600152.SH,108.000000
600153.SH,45.000000
600155.SH,37.000000
600156.SH,108.000000
600157.SH,59.000000
600158.SH,109.000000
600159.SH,59.000000
600160.SH,37.000000
600161.SH,42.000000
600162.SH,45.000000
600163.SH,125.000000
600165.SH,157.000000
600166.SH,7.000000
600167.SH,20.000000
600168.SH,20.000000
600169.SH,73.000000
600170.SH,56.000000
600171.SH,94.000000
600172.SH,73.000000
600173.SH,56.000000
600175.SH,59.000000
600176.SH,37.000000
600177.SH,108.000000
600178.SH,73.000000
600179.SH,133.000000
600180.SH,30.000000
600182.SH,37.000000
600183.SH,94.000000
600184.SH,56.000000
600185.SH,15.000000
600186.SH,149.000000
600188.SH,133.000000
600189.SH,30.000000
600190.SH,9.000000
600191.SH,149.000000
600192.SH,73.000000
600193.SH,109.000000
600195.SH,42.000000
600196.SH,42.000000
600197.SH,149.000000
600198.SH,15.000000
600199.SH,149.000000
600200.SH,42.000000
600201.SH,42.000000
600202.SH,73.000000
600203.SH,94.000000
600206.SH,94.000000
600207.SH,94.000000
600208.SH,59.000000
600209.SH,109.000000
600210.SH,125.000000
600211.SH,42.000000
600212.SH,109.000000
600213.SH,7.000000
600215.SH,59.000000
600216.SH,42.000000
600217.SH,56.000000
600218.SH,73.000000
600219.SH,67.000000
600220.SH,108.000000
600221.SH,9.000000
600222.SH,42.000000
600223.SH,42.000000
600226.SH,42.000000
600227.SH,37.000000
600228.SH,37.000000
600229.SH,37.000000
600230.SH,37.000000
600231.SH,157.000000
600232.SH,108.000000
600233.SH,108.000000
600234.SH,45.000000
600235.SH,125.000000
600236.SH,20.000000
600237.SH,94.000000
600238.SH,149.000000
600239.SH,59.000000
600240.SH,59.000000
600241.SH,45.000000
600243.SH,73.000000
600246.SH,59.000000
600247.SH,59.000000
600249.SH,37.000000
600250.SH,45.000000
600251.SH,30.000000
600252.SH,42.000000
600253.SH,42.000000
600255.SH,67.000000
600256.SH,37.000000
600257.SH,30.000000
600258.SH,151.000000
600260.SH,37.000000
600261.SH,94.000000
600262.SH,73.000000
600263.SH,56.000000
600265.SH,30.000000
600266.SH,59.000000
600267.SH,42.000000
600268.SH,73.000000
600269.SH,9.000000
600270.SH,9.000000
600271.SH,14.000000
600272.SH,108.000000
600273.SH,108.000000
600275.SH,30.000000
600276.SH,42.000000
600277.SH,42.000000
600278.SH,45.000000
600279.SH,9.000000
600280.SH,45.000000
600281.SH,37.000000
600282.SH,157.000000
600283.SH,20.000000
600284.SH,56.000000
600285.SH,42.000000
600287.SH,45.000000
600288.SH,94.000000
600289.SH,14.000000
600290.SH,73.000000
600291.SH,56.000000
600292.SH,20.000000
600293.SH,56.000000
600295.SH,108.000000
600297.SH,42.000000
600298.SH,149.000000
600299.SH,37.000000
600300.SH,149.000000
600301.SH,37.000000
600302.SH,73.000000
600303.SH,7.000000
600305.SH,149.000000
600306.SH,45.000000
600307.SH,157.000000
600308.SH,125.000000
600309.SH,37.000000
600310.SH,20.000000
600311.SH,30.000000
600312.SH,73.000000
600313.SH,30.000000
600315.SH,37.000000
600316.SH,7.000000
600317.SH,9.000000
600318.SH,56.000000
600319.SH,37.000000
600320.SH,73.000000
600321.SH,56.000000
600322.SH,59.000000
600323.SH,20.000000
600325.SH,59.000000
600326.SH,56.000000
600327.SH,45.000000
600328.SH,37.000000
600329.SH,42.000000
600330.SH,67.000000
600331.SH,67.000000
600332.SH,42.000000
600333.SH,20.000000
600335.SH,73.000000
600336.SH,53.000000
600337.SH,125.000000
600338.SH,67.000000
600339.SH,37.000000
600340.SH,73.000000
600343.SH,73.000000
600345.SH,15.000000
600346.SH,73.000000
600348.SH,133.000000
600350.SH,9.000000
600351.SH,42.000000
600352.SH,37.000000
600353.SH,73.000000
600354.SH,30.000000
600355.SH,15.000000
600356.SH,125.000000
600357.SH,157.000000
600358.SH,151.000000
600359.SH,30.000000
600360.SH,94.000000
600361.SH,45.000000
600362.SH,67.000000
600363.SH,94.000000
600365.SH,149.000000
600366.SH,67.000000
600367.SH,37.000000
600368.SH,9.000000
600369.SH,138.000000
600370.SH,108.000000
600371.SH,30.000000
600372.SH,7.000000
600373.SH,7.000000
600375.SH,73.000000
600376.SH,59.000000
600377.SH,9.000000
600378.SH,37.000000
600379.SH,73.000000
600380.SH,42.000000
600381.SH,59.000000
600382.SH,73.000000
600383.SH,59.000000
600385.SH,42.000000
600386.SH,14.000000
600387.SH,37.000000
600388.SH,20.000000
600389.SH,37.000000
600390.SH,67.000000
600391.SH,7.000000
600392.SH,14.000000
600393.SH,59.000000
600395.SH,133.000000
600396.SH,20.000000
600397.SH,133.000000
600398.SH,108.000000
600399.SH,157.000000
600400.SH,108.000000
600401.SH,125.000000
600403.SH,14.000000
600405.SH,15.000000
600406.SH,73.000000
600408.SH,133.000000
600409.SH,37.000000
600410.SH,14.000000
600415.SH,45.000000
600416.SH,73.000000
600418.SH,7.000000
600419.SH,125.000000
600420.SH,42.000000
600421.SH,42.000000
600422.SH,42.000000
600423.SH,37.000000
600425.SH,56.000000
600426.SH,37.000000
600428.SH,9.000000
600429.SH,149.000000
600432.SH,67.000000
600433.SH,125.000000
600435.SH,73.000000
600436.SH,42.000000
600438.SH,30.000000
600439.SH,125.000000
600444.SH,37.000000
600446.SH,14.000000
600448.SH,108.000000
600449.SH,56.000000
600452.SH,20.000000
600455.SH,14.000000
600456.SH,67.000000
600458.SH,67.000000
600459.SH,67.000000
600460.SH,94.000000
600461.SH,20.000000
600462.SH,125.000000
600463.SH,59.000000
600466.SH,42.000000
600467.SH,30.000000
600468.SH,73.000000
600469.SH,37.000000
600470.SH,37.000000
600475.SH,73.000000
600476.SH,14.000000
600477.SH,56.000000
600478.SH,67.000000
600479.SH,42.000000
600480.SH,7.000000
600481.SH,73.000000
600482.SH,7.000000
600483.SH,108.000000
600485.SH,14.000000
600486.SH,37.000000
600487.SH,15.000000
600488.SH,42.000000
600489.SH,67.000000
600490.SH,42.000000
600491.SH,56.000000
600493.SH,108.000000
600495.SH,7.000000
600496.SH,56.000000
600497.SH,67.000000
600498.SH,15.000000
600499.SH,73.000000
600500.SH,45.000000
600501.SH,15.000000
600502.SH,56.000000
600503.SH,14.000000
600505.SH,20.000000
600506.SH,30.000000
600507.SH,157.000000
600508.SH,133.000000
600509.SH,20.000000
600510.SH,108.000000
600511.SH,42.000000
600512.SH,56.000000
600513.SH,42.000000
600515.SH,45.000000
600516.SH,67.000000
600517.SH,73.000000
600518.SH,42.000000
600519.SH,149.000000
600520.SH,73.000000
600521.SH,42.000000
600522.SH,15.000000
600523.SH,7.000000
600525.SH,67.000000
600526.SH,20.000000
600527.SH,37.000000
600528.SH,56.000000
600529.SH,42.000000
600530.SH,42.000000
600531.SH,67.000000
600532.SH,37.000000
600533.SH,59.000000
600535.SH,42.000000
600536.SH,14.000000
600537.SH,30.000000
600538.SH,42.000000
600539.SH,56.000000
600540.SH,30.000000
600543.SH,149.000000
600545.SH,56.000000
600546.SH,56.000000
600547.SH,67.000000
600548.SH,9.000000
600549.SH,67.000000
600550.SH,73.000000
600551.SH,109.000000
600552.SH,56.000000
600553.SH,56.000000
600555.SH,151.000000
600556.SH,42.000000
600557.SH,42.000000
600558.SH,157.000000
600559.SH,30.000000
600560.SH,73.000000
600561.SH,9.000000
600562.SH,56.000000
600563.SH,94.000000
600565.SH,7.000000
600566.SH,73.000000
600567.SH,125.000000
600568.SH,42.000000
600569.SH,157.000000
600570.SH,14.000000
600571.SH,14.000000
600572.SH,42.000000
600573.SH,149.000000
600575.SH,9.000000
600576.SH,151.000000
600577.SH,73.000000
600578.SH,20.000000
600579.SH,37.000000
600580.SH,73.000000
600581.SH,157.000000
600582.SH,73.000000
600583.SH,56.000000
600584.SH,94.000000
600585.SH,56.000000
600586.SH,56.000000
600587.SH,42.000000
600588.SH,14.000000
600589.SH,37.000000
600590.SH,15.000000
600591.SH,9.000000
600592.SH,73.000000
600593.SH,151.000000
600594.SH,42.000000
600595.SH,67.000000
600596.SH,37.000000
600597.SH,149.000000
600598.SH,30.000000
600599.SH,125.000000
600600.SH,149.000000
600601.SH,15.000000
600602.SH,94.000000
600603.SH,59.000000
600604.SH,73.000000
600605.SH,45.000000
600606.SH,59.000000
600607.SH,42.000000
600608.SH,109.000000
600609.SH,7.000000
600610.SH,73.000000
600611.SH,9.000000
600612.SH,125.000000
600613.SH,42.000000
600614.SH,59.000000
600615.SH,59.000000
600616.SH,149.000000
600617.SH,37.000000
600618.SH,37.000000
600619.SH,53.000000
600620.SH,109.000000
600621.SH,94.000000
600622.SH,109.000000
600623.SH,37.000000
600624.SH,109.000000
600626.SH,108.000000
600627.SH,73.000000
600628.SH,45.000000
600629.SH,56.000000
600630.SH,108.000000
600631.SH,45.000000
600633.SH,37.000000
600634.SH,59.000000
600635.SH,20.000000
600636.SH,37.000000
600637.SH,53.000000
600638.SH,59.000000
600639.SH,59.000000
600640.SH,14.000000
600641.SH,59.000000
600642.SH,20.000000
600643.SH,138.000000
600644.SH,20.000000
600645.SH,42.000000
600647.SH,109.000000
600648.SH,59.000000
600649.SH,20.000000
600650.SH,9.000000
600651.SH,94.000000
600652.SH,109.000000
600653.SH,7.000000
600654.SH,94.000000
600655.SH,45.000000
600657.SH,14.000000
600658.SH,15.000000
600660.SH,7.000000
600661.SH,109.000000
600662.SH,9.000000
600663.SH,59.000000
600664.SH,42.000000
600665.SH,59.000000
600666.SH,42.000000
600667.SH,37.000000
600668.SH,56.000000
600671.SH,42.000000
600673.SH,157.000000
600674.SH,20.000000
600675.SH,59.000000
600676.SH,9.000000
600677.SH,7.000000
600678.SH,56.000000
600679.SH,59.000000
600680.SH,15.000000
600681.SH,125.000000
600682.SH,45.000000
600683.SH,45.000000
600684.SH,59.000000
600685.SH,7.000000
600686.SH,7.000000
600687.SH,14.000000
600688.SH,37.000000
600689.SH,108.000000
600690.SH,53.000000
600691.SH,109.000000
600692.SH,9.000000
600693.SH,45.000000
600694.SH,45.000000
600695.SH,30.000000
600696.SH,59.000000
600697.SH,45.000000
600698.SH,7.000000
600699.SH,37.000000
600701.SH,109.000000
600702.SH,149.000000
600704.SH,45.000000
600706.SH,42.000000
600707.SH,94.000000
600708.SH,9.000000
600710.SH,73.000000
600711.SH,15.000000
600712.SH,45.000000
600713.SH,42.000000
600714.SH,37.000000
600715.SH,7.000000
600716.SH,56.000000
600717.SH,9.000000
600718.SH,14.000000
600719.SH,20.000000
600720.SH,56.000000
600721.SH,45.000000
600722.SH,37.000000
600723.SH,45.000000
600724.SH,109.000000
600725.SH,37.000000
600726.SH,20.000000
600727.SH,37.000000
600728.SH,14.000000
600729.SH,45.000000
600730.SH,109.000000
600731.SH,37.000000
600732.SH,59.000000
600733.SH,138.000000
600735.SH,149.000000
600736.SH,59.000000
600737.SH,30.000000
600738.SH,45.000000
600739.SH,138.000000
600740.SH,133.000000
600741.SH,9.000000
600742.SH,7.000000
600743.SH,108.000000
600744.SH,20.000000
600746.SH,37.000000
600747.SH,94.000000
600748.SH,59.000000
600749.SH,151.000000
600750.SH,42.000000
600751.SH,9.000000
600753.SH,59.000000
600754.SH,151.000000
600755.SH,45.000000
600756.SH,14.000000
600757.SH,108.000000
600758.SH,20.000000
600759.SH,59.000000
600760.SH,7.000000
600761.SH,73.000000
600763.SH,42.000000
600764.SH,14.000000
600765.SH,73.000000
600766.SH,59.000000
600767.SH,59.000000
600768.SH,67.000000
600769.SH,37.000000
600770.SH,14.000000
600771.SH,42.000000
600773.SH,42.000000
600774.SH,45.000000
600775.SH,15.000000
600776.SH,15.000000
600777.SH,109.000000
600778.SH,45.000000
600779.SH,149.000000
600780.SH,20.000000
600781.SH,42.000000
600782.SH,157.000000
600783.SH,109.000000
600784.SH,109.000000
600785.SH,45.000000
600786.SH,73.000000
600787.SH,9.000000
600789.SH,42.000000
600790.SH,45.000000
600791.SH,59.000000
600792.SH,37.000000
600793.SH,125.000000
600794.SH,9.000000
600795.SH,20.000000
600796.SH,42.000000
600797.SH,14.000000
600798.SH,9.000000
600800.SH,94.000000
600801.SH,56.000000
600802.SH,56.000000
600803.SH,42.000000
600804.SH,14.000000
600805.SH,109.000000
600806.SH,73.000000
600807.SH,59.000000
600808.SH,157.000000
600809.SH,149.000000
600810.SH,37.000000
600811.SH,109.000000
600812.SH,42.000000
600814.SH,45.000000
600815.SH,73.000000
600816.SH,138.000000
600817.SH,94.000000
600818.SH,7.000000
600819.SH,56.000000
600820.SH,56.000000
600821.SH,45.000000
600822.SH,45.000000
600823.SH,59.000000
600824.SH,45.000000
600825.SH,14.000000
600826.SH,45.000000
600827.SH,45.000000
600828.SH,45.000000
600829.SH,42.000000
600830.SH,45.000000
600831.SH,14.000000
600832.SH,14.000000
600833.SH,42.000000
600834.SH,9.000000
600835.SH,73.000000
600836.SH,125.000000
600837.SH,138.000000
600838.SH,45.000000
600839.SH,53.000000
600840.SH,59.000000
600841.SH,73.000000
600842.SH,42.000000
600843.SH,73.000000
600844.SH,125.000000
600845.SH,14.000000
600846.SH,109.000000
600847.SH,73.000000
600848.SH,73.000000
600849.SH,42.000000
600850.SH,15.000000
600851.SH,108.000000
600853.SH,56.000000
600854.SH,53.000000
600855.SH,15.000000
600856.SH,45.000000
600857.SH,14.000000
600858.SH,45.000000
600859.SH,45.000000
600860.SH,73.000000
600861.SH,45.000000
600862.SH,73.000000
600863.SH,20.000000
600864.SH,20.000000
600865.SH,45.000000
600866.SH,42.000000
600867.SH,42.000000
600868.SH,20.000000
600869.SH,42.000000
600870.SH,53.000000
600871.SH,37.000000
600872.SH,59.000000
600873.SH,73.000000
600874.SH,20.000000
600875.SH,73.000000
600876.SH,56.000000
600877.SH,7.000000
600879.SH,7.000000
600880.SH,14.000000
600881.SH,56.000000
600882.SH,37.000000
600883.SH,109.000000
600884.SH,108.000000
600885.SH,37.000000
600886.SH,20.000000
600887.SH,149.000000
600888.SH,67.000000
600889.SH,37.000000
600890.SH,59.000000
600891.SH,45.000000
600892.SH,109.000000
600893.SH,7.000000
600894.SH,157.000000
600895.SH,59.000000
600896.SH,9.000000
600897.SH,9.000000
600898.SH,45.000000
600900.SH,20.000000
600960.SH,73.000000
600961.SH,67.000000
600962.SH,149.000000
600963.SH,125.000000
600965.SH,30.000000
600966.SH,125.000000
600967.SH,7.000000
600969.SH,20.000000
600970.SH,56.000000
600971.SH,133.000000
600973.SH,73.000000
600975.SH,30.000000
600976.SH,42.000000
600978.SH,125.000000
600979.SH,20.000000
600980.SH,67.000000
600981.SH,45.000000
600982.SH,20.000000
600983.SH,53.000000
600984.SH,73.000000
600985.SH,37.000000
600986.SH,56.000000
600987.SH,108.000000
600988.SH,7.000000
600990.SH,7.000000
600991.SH,7.000000
600992.SH,157.000000
600993.SH,42.000000
600995.SH,20.000000
600997.SH,133.000000
601001.SH,133.000000
601002.SH,73.000000
601003.SH,157.000000
601005.SH,157.000000
601006.SH,9.000000
601007.SH,151.000000
601008.SH,9.000000
601009.SH,138.000000
601088.SH,133.000000
601099.SH,138.000000
601111.SH,9.000000
601166.SH,138.000000
601168.SH,67.000000
601169.SH,138.000000
601318.SH,138.000000
601328.SH,138.000000
601333.SH,9.000000
601390.SH,56.000000
601398.SH,138.000000
601588.SH,59.000000
601600.SH,67.000000
601601.SH,138.000000
601628.SH,138.000000
601666.SH,133.000000
601699.SH,133.000000
601808.SH,133.000000
601857.SH,133.000000
601866.SH,9.000000
601872.SH,9.000000
601898.SH,133.000000
601918.SH,133.000000
601919.SH,9.000000
601939.SH,138.000000
601988.SH,138.000000
601991.SH,20.000000
601998.SH,138.000000
601999.SH,14.000000
000001.SZ,138.000000
000002.SZ,59.000000
000004.SZ,59.000000
000005.SZ,59.000000
000006.SZ,59.000000
000007.SZ,59.000000
000008.SZ,109.000000
000009.SZ,59.000000
000010.SZ,109.000000
000011.SZ,59.000000
000012.SZ,56.000000
000014.SZ,59.000000
000016.SZ,53.000000
000017.SZ,7.000000
000018.SZ,108.000000
000019.SZ,149.000000
000020.SZ,94.000000
000021.SZ,15.000000
000022.SZ,9.000000
000023.SZ,56.000000
000024.SZ,59.000000
000025.SZ,7.000000
000026.SZ,125.000000
000027.SZ,20.000000
000028.SZ,42.000000
000029.SZ,59.000000
000030.SZ,125.000000
000031.SZ,59.000000
000032.SZ,15.000000
000033.SZ,151.000000
000034.SZ,30.000000
000035.SZ,15.000000
000036.SZ,37.000000
000037.SZ,20.000000
000039.SZ,157.000000
000040.SZ,109.000000
000042.SZ,59.000000
000043.SZ,59.000000
000045.SZ,108.000000
000046.SZ,59.000000
000048.SZ,30.000000
000049.SZ,37.000000
000050.SZ,94.000000
000055.SZ,109.000000
000056.SZ,45.000000
000058.SZ,94.000000
000059.SZ,37.000000
000060.SZ,67.000000
000061.SZ,30.000000
000062.SZ,53.000000
000063.SZ,15.000000
000065.SZ,56.000000
000066.SZ,15.000000
000068.SZ,94.000000
000069.SZ,151.000000
000070.SZ,94.000000
000078.SZ,42.000000
000088.SZ,9.000000
000089.SZ,9.000000
000090.SZ,59.000000
000096.SZ,37.000000
000099.SZ,9.000000
000100.SZ,53.000000
000150.SZ,59.000000
000151.SZ,109.000000
000153.SZ,42.000000
000155.SZ,37.000000
000157.SZ,73.000000
000158.SZ,108.000000
000159.SZ,133.000000
000301.SZ,108.000000
000338.SZ,7.000000
000400.SZ,73.000000
000401.SZ,56.000000
000402.SZ,59.000000
000404.SZ,53.000000
000407.SZ,37.000000
000408.SZ,45.000000
000409.SZ,15.000000
000410.SZ,73.000000
000411.SZ,42.000000
000413.SZ,94.000000
000415.SZ,56.000000
000416.SZ,42.000000
000417.SZ,45.000000
000418.SZ,53.000000
000419.SZ,45.000000
000420.SZ,37.000000
000421.SZ,9.000000
000422.SZ,37.000000
000423.SZ,42.000000
000425.SZ,73.000000
000426.SZ,20.000000
000428.SZ,151.000000
000429.SZ,9.000000
000430.SZ,151.000000
000488.SZ,125.000000
000498.SZ,37.000000
000501.SZ,45.000000
000502.SZ,59.000000
000503.SZ,14.000000
000504.SZ,14.000000
000505.SZ,59.000000
000507.SZ,109.000000
000509.SZ,109.000000
000510.SZ,37.000000
000511.SZ,59.000000
000513.SZ,42.000000
000514.SZ,59.000000
000515.SZ,37.000000
000516.SZ,45.000000
000518.SZ,108.000000
000519.SZ,73.000000
000520.SZ,9.000000
000521.SZ,53.000000
000522.SZ,42.000000
000523.SZ,37.000000
000524.SZ,151.000000
000525.SZ,37.000000
000526.SZ,59.000000
000527.SZ,53.000000
000528.SZ,73.000000
000530.SZ,73.000000
000531.SZ,20.000000
000532.SZ,94.000000
000533.SZ,73.000000
000534.SZ,20.000000
000536.SZ,73.000000
000537.SZ,59.000000
000538.SZ,42.000000
000539.SZ,20.000000
000540.SZ,59.000000
000541.SZ,94.000000
000543.SZ,20.000000
000544.SZ,20.000000
000545.SZ,42.000000
000546.SZ,59.000000
000547.SZ,109.000000
000548.SZ,9.000000
000550.SZ,7.000000
000551.SZ,20.000000
000552.SZ,133.000000
000553.SZ,37.000000
000554.SZ,37.000000
000555.SZ,53.000000
000557.SZ,149.000000
000558.SZ,59.000000
000559.SZ,7.000000
000560.SZ,45.000000
000561.SZ,53.000000
000562.SZ,138.000000
000563.SZ,138.000000
000564.SZ,45.000000
000565.SZ,37.000000
000566.SZ,42.000000
000567.SZ,59.000000
000568.SZ,149.000000
000569.SZ,157.000000
000570.SZ,73.000000
000571.SZ,7.000000
000572.SZ,7.000000
000573.SZ,59.000000
000576.SZ,149.000000
000578.SZ,109.000000
000581.SZ,73.000000
000582.SZ,9.000000
000584.SZ,37.000000
000585.SZ,73.000000
000586.SZ,15.000000
000587.SZ,125.000000
000589.SZ,37.000000
000590.SZ,42.000000
000591.SZ,42.000000
000593.SZ,109.000000
000594.SZ,9.000000
000595.SZ,73.000000
000596.SZ,149.000000
000597.SZ,42.000000
000598.SZ,37.000000
000599.SZ,37.000000
000600.SZ,20.000000
000601.SZ,20.000000
000602.SZ,67.000000
000603.SZ,42.000000
000605.SZ,42.000000
000606.SZ,37.000000
000607.SZ,42.000000
000608.SZ,59.000000
000609.SZ,59.000000
000610.SZ,151.000000
000611.SZ,73.000000
000612.SZ,67.000000
000613.SZ,151.000000
000615.SZ,37.000000
000616.SZ,59.000000
000617.SZ,73.000000
000619.SZ,56.000000
000623.SZ,138.000000
000625.SZ,7.000000
000626.SZ,30.000000
000627.SZ,42.000000
000628.SZ,59.000000
000629.SZ,157.000000
000630.SZ,67.000000
000632.SZ,109.000000
000633.SZ,73.000000
000635.SZ,37.000000
000636.SZ,94.000000
000637.SZ,37.000000
000639.SZ,56.000000
000650.SZ,42.000000
000651.SZ,53.000000
000652.SZ,109.000000
000655.SZ,133.000000
000656.SZ,59.000000
000657.SZ,67.000000
000659.SZ,125.000000
000661.SZ,42.000000
000662.SZ,37.000000
000663.SZ,30.000000
000665.SZ,37.000000
000666.SZ,73.000000
000667.SZ,59.000000
000668.SZ,59.000000
000669.SZ,42.000000
000671.SZ,59.000000
000673.SZ,56.000000
000676.SZ,73.000000
000677.SZ,37.000000
000678.SZ,7.000000
000679.SZ,45.000000
000680.SZ,73.000000
000681.SZ,108.000000
000682.SZ,14.000000
000683.SZ,37.000000
000685.SZ,45.000000
000686.SZ,138.000000
000687.SZ,37.000000
000690.SZ,20.000000
000691.SZ,109.000000
000692.SZ,20.000000
000695.SZ,20.000000
000697.SZ,94.000000
000698.SZ,37.000000
000700.SZ,7.000000
000701.SZ,109.000000
000702.SZ,30.000000
000703.SZ,109.000000
000705.SZ,42.000000
000707.SZ,37.000000
000708.SZ,157.000000
000709.SZ,157.000000
000710.SZ,7.000000
000711.SZ,59.000000
000712.SZ,59.000000
000713.SZ,30.000000
000715.SZ,45.000000
000716.SZ,149.000000
000717.SZ,157.000000
000718.SZ,59.000000
000720.SZ,20.000000
000721.SZ,151.000000
000722.SZ,94.000000
000723.SZ,133.000000
000725.SZ,94.000000
000726.SZ,108.000000
000727.SZ,94.000000
000728.SZ,138.000000
000729.SZ,149.000000
000731.SZ,37.000000
000733.SZ,94.000000
000735.SZ,30.000000
000736.SZ,59.000000
000737.SZ,37.000000
000738.SZ,7.000000
000739.SZ,42.000000
000748.SZ,15.000000
000750.SZ,138.000000
000751.SZ,67.000000
000752.SZ,149.000000
000753.SZ,9.000000
000755.SZ,37.000000
000756.SZ,42.000000
000758.SZ,67.000000
000759.SZ,45.000000
000760.SZ,59.000000
000761.SZ,157.000000
000762.SZ,133.000000
000766.SZ,42.000000
000767.SZ,20.000000
000768.SZ,7.000000
000776.SZ,9.000000
000777.SZ,73.000000
000778.SZ,157.000000
000779.SZ,108.000000
000780.SZ,133.000000
000782.SZ,37.000000
000783.SZ,138.000000
000785.SZ,45.000000
000786.SZ,56.000000
000788.SZ,42.000000
000789.SZ,56.000000
000790.SZ,42.000000
000791.SZ,37.000000
000792.SZ,37.000000
000793.SZ,14.000000
000795.SZ,67.000000
000796.SZ,45.000000
000797.SZ,59.000000
000798.SZ,30.000000
000799.SZ,149.000000
000800.SZ,7.000000
000801.SZ,53.000000
000802.SZ,151.000000
000803.SZ,109.000000
000806.SZ,94.000000
000807.SZ,67.000000
000809.SZ,42.000000
000810.SZ,108.000000
000811.SZ,73.000000
000812.SZ,125.000000
000813.SZ,108.000000
000815.SZ,125.000000
000816.SZ,73.000000
000818.SZ,37.000000
000819.SZ,37.000000
000820.SZ,125.000000
000821.SZ,73.000000
000822.SZ,37.000000
000823.SZ,94.000000
000825.SZ,157.000000
000826.SZ,20.000000
000828.SZ,9.000000
000829.SZ,45.000000
000830.SZ,37.000000
000831.SZ,67.000000
000833.SZ,149.000000
000835.SZ,133.000000
000836.SZ,59.000000
000837.SZ,73.000000
000838.SZ,37.000000
000839.SZ,14.000000
000848.SZ,149.000000
000850.SZ,108.000000
000851.SZ,15.000000
000852.SZ,73.000000
000856.SZ,56.000000
000858.SZ,149.000000
000859.SZ,37.000000
000860.SZ,30.000000
000861.SZ,37.000000
000862.SZ,73.000000
000868.SZ,7.000000
000869.SZ,149.000000
000875.SZ,20.000000
000876.SZ,30.000000
000877.SZ,56.000000
000878.SZ,67.000000
000880.SZ,73.000000
000881.SZ,109.000000
000882.SZ,45.000000
000883.SZ,7.000000
000885.SZ,56.000000
000886.SZ,9.000000
000887.SZ,7.000000
000888.SZ,151.000000
000889.SZ,45.000000
000890.SZ,157.000000
000892.SZ,14.000000
000893.SZ,53.000000
000895.SZ,149.000000
000897.SZ,59.000000
000898.SZ,157.000000
000899.SZ,20.000000
000900.SZ,9.000000
000901.SZ,73.000000
000902.SZ,108.000000
000903.SZ,73.000000
000905.SZ,9.000000
000906.SZ,109.000000
000908.SZ,67.000000
000909.SZ,53.000000
000910.SZ,125.000000
000911.SZ,149.000000
000912.SZ,37.000000
000913.SZ,7.000000
000915.SZ,109.000000
000916.SZ,9.000000
000917.SZ,14.000000
000918.SZ,30.000000
000919.SZ,42.000000
000920.SZ,7.000000
000921.SZ,53.000000
000922.SZ,73.000000
000923.SZ,73.000000
000925.SZ,94.000000
000926.SZ,157.000000
000927.SZ,7.000000
000928.SZ,67.000000
000929.SZ,149.000000
000930.SZ,30.000000
000931.SZ,59.000000
000932.SZ,157.000000
000933.SZ,133.000000
000935.SZ,56.000000
000936.SZ,37.000000
000937.SZ,133.000000
000938.SZ,15.000000
000939.SZ,20.000000
000948.SZ,15.000000
000949.SZ,37.000000
000950.SZ,37.000000
000951.SZ,7.000000
000952.SZ,42.000000
000953.SZ,37.000000
000955.SZ,108.000000
000957.SZ,7.000000
000958.SZ,20.000000
000959.SZ,157.000000
000960.SZ,67.000000
000961.SZ,157.000000
000962.SZ,67.000000
000963.SZ,42.000000
000965.SZ,59.000000
000966.SZ,20.000000
000967.SZ,73.000000
000968.SZ,133.000000
000969.SZ,67.000000
000970.SZ,67.000000
000971.SZ,108.000000
000972.SZ,30.000000
000973.SZ,37.000000
000975.SZ,59.000000
000976.SZ,37.000000
000977.SZ,15.000000
000978.SZ,151.000000
000979.SZ,37.000000
000980.SZ,7.000000
000981.SZ,15.000000
000982.SZ,108.000000
000983.SZ,133.000000
000985.SZ,37.000000
000987.SZ,45.000000
000988.SZ,15.000000
000989.SZ,42.000000
000990.SZ,42.000000
000993.SZ,20.000000
000995.SZ,149.000000
000996.SZ,9.000000
000997.SZ,15.000000
000998.SZ,30.000000
000999.SZ,42.000000
001696.SZ,7.000000
001896.SZ,20.000000
002001.SZ,42.000000
002002.SZ,37.000000
002003.SZ,108.000000
002004.SZ,42.000000
002005.SZ,53.000000
002006.SZ,73.000000
002007.SZ,42.000000
002008.SZ,15.000000
002009.SZ,73.000000
002010.SZ,37.000000
002011.SZ,73.000000
002012.SZ,125.000000
002013.SZ,7.000000
002014.SZ,125.000000
002015.SZ,37.000000
002016.SZ,42.000000
002017.SZ,15.000000
002018.SZ,37.000000
002019.SZ,42.000000
002020.SZ,42.000000
002021.SZ,73.000000
002022.SZ,42.000000
002023.SZ,7.000000
002024.SZ,45.000000
002025.SZ,94.000000
002026.SZ,73.000000
002027.SZ,15.000000
002028.SZ,73.000000
002029.SZ,108.000000
002030.SZ,42.000000
002031.SZ,73.000000
002032.SZ,53.000000
002033.SZ,151.000000
002034.SZ,108.000000
002035.SZ,53.000000
002036.SZ,108.000000
002037.SZ,37.000000
002038.SZ,42.000000
002039.SZ,20.000000
002040.SZ,9.000000
002041.SZ,30.000000
002042.SZ,108.000000
002043.SZ,56.000000
002044.SZ,108.000000
002045.SZ,94.000000
002046.SZ,73.000000
002047.SZ,125.000000
002048.SZ,7.000000
002049.SZ,94.000000
002050.SZ,53.000000
002051.SZ,56.000000
002052.SZ,53.000000
002053.SZ,37.000000
002054.SZ,37.000000
002055.SZ,94.000000
002056.SZ,67.000000
002057.SZ,67.000000
002058.SZ,73.000000
002059.SZ,151.000000
002060.SZ,56.000000
002061.SZ,37.000000
002062.SZ,56.000000
002063.SZ,14.000000
002064.SZ,37.000000
002065.SZ,14.000000
002066.SZ,56.000000
002067.SZ,125.000000
002068.SZ,37.000000
002069.SZ,30.000000
002070.SZ,108.000000
002071.SZ,125.000000
002072.SZ,108.000000
002073.SZ,14.000000
002074.SZ,73.000000
002075.SZ,67.000000
002076.SZ,94.000000
002077.SZ,56.000000
002078.SZ,125.000000
002079.SZ,94.000000
002080.SZ,37.000000
002081.SZ,56.000000
002082.SZ,56.000000
002083.SZ,108.000000
002084.SZ,125.000000
002085.SZ,7.000000
002086.SZ,30.000000
002087.SZ,108.000000
002088.SZ,37.000000
002089.SZ,15.000000
002090.SZ,73.000000
002091.SZ,45.000000
002092.SZ,37.000000
002093.SZ,14.000000
002094.SZ,125.000000
002095.SZ,14.000000
002096.SZ,37.000000
002097.SZ,73.000000
002098.SZ,108.000000
002099.SZ,42.000000
002100.SZ,42.000000
002101.SZ,73.000000
002102.SZ,125.000000
002103.SZ,125.000000
002104.SZ,94.000000
002105.SZ,7.000000
002106.SZ,94.000000
002107.SZ,42.000000
002108.SZ,37.000000
002109.SZ,37.000000
002110.SZ,157.000000
002111.SZ,73.000000
002112.SZ,73.000000
002113.SZ,37.000000
002114.SZ,67.000000
002115.SZ,15.000000
002116.SZ,56.000000
002117.SZ,125.000000
002118.SZ,42.000000
002119.SZ,94.000000
002120.SZ,125.000000
002121.SZ,73.000000
002122.SZ,73.000000
002123.SZ,73.000000
002124.SZ,30.000000
002125.SZ,37.000000
002126.SZ,7.000000
002127.SZ,108.000000
002128.SZ,133.000000
002129.SZ,94.000000
002130.SZ,37.000000
002131.SZ,73.000000
002132.SZ,157.000000
002133.SZ,59.000000
002134.SZ,94.000000
002135.SZ,56.000000
002136.SZ,67.000000
002137.SZ,94.000000
002138.SZ,53.000000
002139.SZ,53.000000
002140.SZ,56.000000
002141.SZ,94.000000
002142.SZ,138.000000
002143.SZ,30.000000
002144.SZ,108.000000
002145.SZ,37.000000
002146.SZ,59.000000
002147.SZ,73.000000
002148.SZ,14.000000
002149.SZ,67.000000
002150.SZ,73.000000
002151.SZ,7.000000
002152.SZ,15.000000
002153.SZ,14.000000
002154.SZ,108.000000
002155.SZ,67.000000
002156.SZ,94.000000
002157.SZ,30.000000
002158.SZ,73.000000
002159.SZ,151.000000
002160.SZ,67.000000
002161.SZ,14.000000
002162.SZ,56.000000
002163.SZ,56.000000
002164.SZ,73.000000
002165.SZ,37.000000
002166.SZ,42.000000
002167.SZ,37.000000
002168.SZ,73.000000
002169.SZ,73.000000
002170.SZ,37.000000
002171.SZ,67.000000
002172.SZ,37.000000
002173.SZ,30.000000
002174.SZ,125.000000
002175.SZ,73.000000
002176.SZ,73.000000
002177.SZ,15.000000
002178.SZ,56.000000
002179.SZ,94.000000
002180.SZ,73.000000
002181.SZ,14.000000
002182.SZ,67.000000
002183.SZ,9.000000
002184.SZ,73.000000
002185.SZ,94.000000
002186.SZ,151.000000
002187.SZ,45.000000
002188.SZ,94.000000
002189.SZ,94.000000
002190.SZ,73.000000
002191.SZ,125.000000
002192.SZ,37.000000
002193.SZ,108.000000
002194.SZ,14.000000
002195.SZ,14.000000
002196.SZ,73.000000
002197.SZ,15.000000
002198.SZ,42.000000
002199.SZ,94.000000
002200.SZ,30.000000
002201.SZ,37.000000
002202.SZ,73.000000
002203.SZ,67.000000
002204.SZ,73.000000
002205.SZ,56.000000
002206.SZ,37.000000
002207.SZ,133.000000
002208.SZ,59.000000
002209.SZ,73.000000
002210.SZ,9.000000
002211.SZ,37.000000
002212.SZ,73.000000
002213.SZ,7.000000
002214.SZ,94.000000
002215.SZ,37.000000
002216.SZ,149.000000
002217.SZ,37.000000
002218.SZ,Inf
002220.SZ,Inf
