,open,high,low,close,volume,amount
2012-10-09,8.7,9.68,8.66,9.63,175040418.0,1571741696.0
2012-10-10,9.88,10.59,8.99,10.59,146349124.0,1397022080.0
2012-10-11,10.11,10.44,9.53,9.68,120872279.0,1213281024.0
2012-10-12,9.45,9.76,9.03,9.09,75998677.0,709372480.0
2012-10-15,9.1,9.27,8.85,9.11,55633510.0,504666848.0
2012-10-16,9.0,9.15,8.79,8.86,43095012.0,386985024.0
2012-10-17,8.88,8.95,8.53,8.76,45126451.0,393767552.0
2012-10-18,8.75,9.1,8.69,9.01,55210820.0,491810752.0
2012-10-19,8.98,8.98,8.66,8.69,35181409.0,310167488.0
2012-10-22,8.5,8.57,8.3,8.53,31156050.0,263086736.0
2012-10-23,8.6,9.28,8.51,8.94,65124957.0,582180352.0
2012-10-24,8.79,8.83,8.62,8.79,31220333.0,272258048.0
2012-10-25,8.7,8.86,8.36,8.5,32584679.0,280109600.0
2012-10-26,8.51,8.55,7.9,7.99,33099025.0,269476864.0
2012-10-29,7.91,8.06,7.84,8.01,16396693.0,130437192.0
2012-10-30,7.98,8.15,7.86,8.04,19765438.0,158126816.0
2012-10-31,7.98,8.03,7.82,7.98,15893521.0,125898560.0
2012-11-01,8.0,8.58,7.96,8.23,56262080.0,469265088.0
2012-11-02,8.18,8.69,8.16,8.4,49745183.0,420437088.0
2012-11-05,8.26,8.31,8.09,8.16,25709213.0,210128784.0
2012-11-06,8.1,8.18,7.85,8.13,23984781.0,192209520.0
2012-11-07,8.1,8.43,8.06,8.33,35410333.0,293978976.0
2012-11-08,8.2,8.27,7.9,7.93,27769928.0,223456192.0
2012-11-09,7.87,8.02,7.85,7.98,13658305.0,108465864.0
2012-11-12,8.15,8.19,7.92,8.01,15762315.0,126412040.0
2012-11-13,7.96,8.02,7.61,7.65,19731504.0,152442240.0
2012-11-14,7.62,7.81,7.6,7.7,13170548.0,101450816.0
2012-11-15,7.6,7.68,7.29,7.34,18395205.0,138147024.0
2012-11-16,7.3,7.36,7.12,7.21,13260686.0,95409784.0
2012-11-19,7.18,7.65,7.15,7.51,25322283.0,187923312.0
2012-11-20,7.52,7.56,7.26,7.28,17117621.0,125881648.0
2012-11-21,7.27,7.49,7.17,7.42,17421052.0,128032920.0
2012-11-22,7.34,7.5,7.26,7.32,14323878.0,105546592.0
2012-11-23,7.33,7.43,7.28,7.38,12786922.0,93993960.0
2012-11-26,7.38,7.38,7.17,7.19,10010020.0,72821944.0
2012-11-27,7.17,7.19,6.76,6.79,15135199.0,105004544.0
2012-11-28,6.68,6.9,6.66,6.69,11279190.0,76258448.0
2012-11-29,6.71,6.8,6.43,6.48,12037707.0,79729776.0
2012-11-30,6.45,6.57,6.4,6.56,13212324.0,85875096.0
2012-12-03,6.51,6.61,6.33,6.4,12142838.0,78450976.0
2012-12-04,6.51,6.7,6.46,6.59,21104796.0,138433616.0
2012-12-05,6.5,7.09,6.48,6.88,32911238.0,224946128.0
2012-12-06,6.79,6.87,6.71,6.8,19180220.0,130242488.0
2012-12-07,6.81,7.37,6.68,7.11,36341230.0,256474160.0
2012-12-10,7.12,7.45,7.03,7.28,34235708.0,248194448.0
2012-12-11,7.25,7.47,7.17,7.21,26047386.0,190020240.0
2012-12-12,7.12,7.28,7.0,7.22,17877169.0,127995352.0
2012-12-13,7.22,7.22,6.96,6.97,13677778.0,96820840.0
2012-12-14,6.93,7.67,6.93,7.67,38512999.0,284816128.0
2012-12-17,8.0,8.33,7.8,8.08,74099397.0,594911616.0
2012-12-18,8.0,8.24,7.9,8.03,44912811.0,361293952.0
2012-12-19,7.9,8.05,7.81,7.92,30534902.0,241900448.0
2012-12-20,7.85,8.55,7.78,8.35,55812612.0,455595808.0
2012-12-21,8.27,8.51,8.02,8.11,35899962.0,294665376.0
2012-12-24,8.09,8.14,7.88,8.12,21544128.0,172704576.0
2012-12-25,8.08,8.48,7.98,8.31,40359404.0,334492256.0
2012-12-26,8.25,8.78,8.23,8.57,46860531.0,399626528.0
2012-12-27,8.51,8.64,8.22,8.23,31186049.0,261368048.0
2012-12-28,8.17,8.39,8.03,8.25,22741284.0,186279920.0
2012-12-31,8.24,8.55,8.18,8.33,30440709.0,255125088.0
2013-01-04,8.4,8.64,8.31,8.38,28408668.0,240192480.0
2013-01-07,8.3,8.35,8.13,8.26,22303672.0,183619552.0
2013-01-08,8.22,8.49,8.11,8.47,29244834.0,243037472.0
2013-01-09,8.42,8.45,8.15,8.37,22405823.0,186753616.0
2013-01-10,8.37,8.57,8.29,8.47,27445514.0,231877040.0
2013-01-11,8.51,8.56,8.13,8.13,22578249.0,187500608.0
2013-01-14,8.1,8.54,8.04,8.42,30434537.0,252922224.0
2013-01-15,8.48,8.97,8.44,8.77,49959946.0,437420256.0
2013-01-16,8.97,9.65,8.97,9.65,42949578.0,408889664.0
2013-01-17,10.49,10.62,10.0,10.24,109728694.0,1143486720.0
2013-01-18,10.08,10.48,9.82,10.09,63019270.0,641442176.0
2013-01-21,10.05,10.51,9.83,10.26,47581174.0,481798816.0
2013-01-22,10.24,10.55,9.75,9.98,48285508.0,493247648.0
2013-01-23,9.72,9.87,9.42,9.78,34680462.0,334688064.0
2013-01-24,9.78,9.88,9.1,9.13,37998827.0,360197376.0
2013-01-25,9.18,9.54,9.07,9.28,29080281.0,271733440.0
2013-01-28,9.2,9.53,9.18,9.51,23513947.0,220840992.0
2013-01-29,9.5,9.8,9.29,9.66,29818828.0,284529664.0
2013-01-30,9.51,9.6,9.31,9.39,28015618.0,263595008.0
2013-01-31,9.36,10.33,9.35,10.32,63385510.0,630981248.0
2013-02-01,9.99,10.3,9.78,10.11,42765249.0,430224448.0
2013-02-04,10.29,10.3,9.76,10.01,37798590.0,379915488.0
2013-02-05,9.85,10.03,9.72,9.96,21078086.0,208556736.0
2013-02-06,9.96,10.51,9.92,10.11,24866662.0,254896288.0
2013-02-07,10.1,10.15,9.91,9.99,13625330.0,136581936.0
2013-02-08,9.95,10.18,9.95,10.03,12569130.0,126211680.0
2013-02-18,10.03,10.04,9.74,9.79,16865177.0,165700016.0
2013-02-19,9.74,9.8,9.39,9.48,16381848.0,155979968.0
2013-02-20,9.43,9.63,9.43,9.61,10179663.0,97056288.0
2013-02-21,9.49,9.49,8.99,9.07,20507082.0,187767632.0
2013-02-22,9.1,9.24,8.86,9.14,10290284.0,94034760.0
2013-02-25,9.15,9.21,9.07,9.16,7716224.0,70500376.0
2013-02-26,9.11,9.12,8.77,8.82,13557873.0,121610776.0
2013-02-27,8.88,9.0,8.81,8.92,8402050.0,74771264.0
2013-02-28,8.95,9.31,8.81,9.29,18691545.0,171355008.0
2013-03-01,9.23,9.27,9.06,9.2,12868929.0,117859736.0
2013-03-04,9.03,9.03,8.57,8.68,16016586.0,140340544.0
2013-03-05,8.69,8.91,8.62,8.88,10632422.0,93585472.0
2013-03-06,8.94,9.34,8.8,9.23,18440464.0,167932736.0
2013-03-07,9.16,9.35,9.04,9.11,16466449.0,151184128.0
2013-03-08,9.13,9.25,9.07,9.21,12965226.0,118895720.0
2013-03-11,9.46,10.13,9.26,10.13,57365600.0,566274880.0
2013-03-12,10.2,10.78,9.96,10.29,78307298.0,809666240.0
2013-03-13,10.0,11.14,9.91,10.45,75072659.0,797927104.0
2013-03-14,10.16,10.42,9.96,10.13,30664102.0,311327680.0
2013-03-15,9.99,10.34,9.66,9.85,33328970.0,332916032.0
2013-03-18,9.78,9.83,9.3,9.36,24461043.0,232586208.0
2013-03-19,9.36,9.95,9.21,9.84,28567591.0,272398560.0
2013-03-20,9.7,10.27,9.59,10.0,34658918.0,345256416.0
2013-03-21,9.95,10.16,9.9,10.01,22320128.0,223387088.0
2013-03-22,10.04,10.5,9.86,10.26,36943962.0,378400736.0
2013-03-25,10.18,10.28,9.98,10.02,19782510.0,199430784.0
2013-03-26,9.9,9.94,9.52,9.61,21633949.0,208432848.0
2013-03-27,9.61,9.88,9.52,9.78,17561012.0,170686064.0
2013-03-28,9.6,9.6,9.12,9.14,16160884.0,151379968.0
2013-03-29,9.17,9.32,9.12,9.15,7815303.0,71838160.0
2013-04-01,9.16,9.31,9.11,9.22,6301801.0,58047812.0
2013-04-02,9.2,9.27,8.88,8.93,12644354.0,114263872.0
2013-04-03,8.97,9.09,8.86,8.98,7765756.0,69623128.0
2013-04-08,8.78,9.05,8.53,9.0,11401432.0,99921320.0
2013-04-09,9.02,9.3,8.95,9.17,10823866.0,99366920.0
2013-04-10,9.24,9.24,9.01,9.08,7455085.0,67998216.0
2013-04-11,9.1,9.21,9.0,9.02,6558879.0,59688040.0
2013-04-12,8.95,8.97,8.7,8.75,8856760.0,77962224.0
2013-04-15,8.56,8.62,8.3,8.31,9908510.0,83510200.0
2013-04-16,8.13,8.43,8.06,8.4,7385426.0,60858124.0
2013-04-17,8.4,8.5,8.24,8.36,5498120.0,45939428.0
2013-04-18,8.25,8.44,8.2,8.32,5043412.0,42090904.0
2013-04-19,8.37,8.69,8.34,8.65,12577016.0,107994448.0
2013-04-22,8.48,8.64,8.48,8.57,6866500.0,58546484.0
2013-04-23,8.57,8.99,8.36,8.61,17521861.0,151830736.0
2013-04-24,8.51,8.95,8.47,8.84,13345724.0,116727808.0
2013-04-25,8.97,9.21,8.75,8.81,19061123.0,172262720.0
2013-04-26,8.81,8.96,8.51,8.59,7967175.0,69806272.0
2013-05-02,8.45,8.48,8.1,8.2,8558625.0,70096560.0
2013-05-03,8.24,8.47,8.24,8.32,6802272.0,56960796.0
2013-05-06,8.42,8.63,8.42,8.58,8562153.0,73084008.0
2013-05-07,8.58,8.89,8.51,8.7,10552677.0,92101960.0
2013-05-08,8.75,8.79,8.49,8.7,9402729.0,80867240.0
2013-05-09,8.69,8.84,8.5,8.82,10787106.0,93676152.0
2013-05-10,8.76,8.92,8.69,8.83,11226404.0,99071736.0
2013-05-13,8.75,8.82,8.6,8.69,8249798.0,71447200.0
2013-05-14,8.66,8.66,8.36,8.4,8776346.0,74172640.0
2013-05-15,8.45,8.5,8.37,8.45,5170000.0,43535156.0
2013-05-16,8.46,8.54,8.25,8.51,8090639.0,68207408.0
2013-05-17,8.46,8.74,8.41,8.68,11813321.0,101297376.0
2013-05-20,8.7,8.88,8.62,8.79,13799671.0,120891120.0
2013-05-21,8.79,9.08,8.76,9.06,19747550.0,175945552.0
2013-05-22,9.04,9.19,8.87,8.97,16987503.0,153024704.0
2013-05-23,8.91,8.96,8.72,8.82,11257454.0,99333288.0
2013-05-24,8.76,9.16,8.76,9.14,20406705.0,184230912.0
2013-05-27,9.4,9.5,9.2,9.27,27501619.0,256365776.0
2013-05-28,9.28,9.45,9.22,9.39,19451325.0,182431872.0
2013-05-29,9.44,9.48,9.21,9.23,14050501.0,130409296.0
2013-05-30,9.2,9.29,9.06,9.19,11934709.0,109167576.0
2013-05-31,9.21,9.34,9.09,9.1,9360660.0,86258208.0
2013-06-03,9.07,9.17,8.93,8.99,7757319.0,70245224.0
2013-06-04,9.02,9.1,8.83,8.89,6968725.0,62467272.0
2013-06-05,8.9,9.08,8.88,9.07,6018174.0,54025788.0
2013-06-06,9.08,9.08,8.7,8.71,6926997.0,61587676.0
2013-06-07,8.76,8.82,8.38,8.44,7253752.0,61985256.0
2013-06-13,8.32,8.32,7.84,8.17,6817102.0,54666336.0
2013-06-14,8.16,8.48,8.09,8.33,6062849.0,49986296.0
2013-06-17,8.4,8.57,8.36,8.48,7162751.0,60801180.0
2013-06-18,8.48,8.63,8.35,8.49,4634222.0,39371648.0
2013-06-19,8.48,8.48,8.15,8.33,3823504.0,31715618.0
2013-06-20,8.25,8.25,7.92,7.96,4580941.0,36976552.0
2013-06-21,7.79,7.95,7.6,7.84,3787155.0,29548810.0
2013-06-24,7.85,7.93,7.06,7.08,5847443.0,43170904.0
2013-06-25,6.89,6.98,6.27,6.87,6867639.0,45837952.0
2013-06-26,6.89,7.08,6.71,7.0,7718171.0,53141412.0
2013-06-27,6.94,7.1,6.6,6.67,8577142.0,59366176.0
2013-06-28,6.63,6.96,6.44,6.7,8852817.0,59059168.0
2013-07-01,6.65,6.83,6.6,6.83,6333613.0,42755188.0
2013-07-02,6.86,6.91,6.74,6.86,5747582.0,39229208.0
2013-07-03,6.8,6.81,6.59,6.68,5435237.0,36285348.0
2013-07-04,6.65,7.35,6.56,7.27,20722750.0,147585312.0
2013-07-05,7.11,7.33,7.06,7.1,14063905.0,100858376.0
2013-07-08,6.94,6.94,6.58,6.63,7562211.0,50965600.0
2013-07-09,6.62,6.82,6.59,6.72,4178599.0,28075256.0
2013-07-10,6.74,7.18,6.67,7.13,9340948.0,65149956.0
2013-07-11,7.13,7.49,7.07,7.34,15363765.0,112427296.0
2013-07-12,7.29,7.72,7.15,7.37,17390136.0,127962456.0
2013-07-15,7.28,7.48,7.21,7.38,10774956.0,79230480.0
2013-07-16,7.33,7.44,7.29,7.4,7257812.0,53576072.0
2013-07-17,7.39,7.51,7.19,7.2,8380992.0,61510040.0
2013-07-18,7.16,7.3,7.05,7.08,6281624.0,44890564.0
2013-07-19,7.07,7.18,6.75,6.76,7077851.0,49378432.0
2013-07-22,6.74,6.9,6.67,6.89,4647208.0,31705630.0
2013-07-23,6.99,7.23,6.93,7.18,7327415.0,52259544.0
2013-07-24,7.18,7.2,7.0,7.18,6753180.0,48029728.0
2013-07-25,7.18,7.44,7.11,7.29,11391589.0,82992400.0
2013-07-26,7.28,7.5,7.03,7.29,12210745.0,89099424.0
2013-07-31,7.79,8.0,7.33,7.44,18435951.0,140806608.0
2013-08-01,7.3,7.66,7.28,7.52,9970268.0,74579800.0
2013-08-02,7.49,7.58,7.33,7.35,8985338.0,66686456.0
2013-08-05,7.29,7.4,7.27,7.4,5180644.0,38054112.0
2013-08-06,7.4,7.47,7.28,7.43,7814575.0,57622504.0
2013-08-07,7.38,7.49,7.3,7.31,6689464.0,49303528.0
2013-08-08,7.3,7.42,7.3,7.33,5011526.0,36897064.0
2013-08-09,7.39,7.78,7.36,7.58,18258458.0,138245552.0
2013-08-12,7.58,8.26,7.45,8.01,25586417.0,201172224.0
2013-08-13,7.9,7.96,7.79,7.89,13661352.0,107401200.0
2013-08-14,7.91,8.01,7.69,7.76,10459230.0,82180432.0
2013-08-15,7.78,7.87,7.6,7.64,7360253.0,56892248.0
2013-08-16,7.61,8.07,7.5,7.5,9597705.0,74068248.0
2013-08-19,7.42,7.68,7.4,7.64,5838167.0,44138992.0
2013-08-20,7.64,7.67,7.46,7.5,5990142.0,45280496.0
2013-08-21,7.54,7.59,7.45,7.56,3674835.0,27655780.0
2013-08-22,7.56,7.6,7.42,7.44,4545725.0,34145412.0
2013-08-23,7.5,7.58,7.2,7.33,5567580.0,41219864.0
2013-08-26,7.47,7.57,7.42,7.56,5824828.0,43766864.0
2013-08-27,7.62,7.73,7.53,7.67,6783267.0,51854144.0
2013-08-28,7.6,7.94,7.58,7.85,16010870.0,125341712.0
2013-08-29,7.8,7.8,7.56,7.75,9279556.0,71216872.0
2013-08-30,7.8,7.86,7.52,7.58,7964940.0,61031060.0
2013-09-02,7.6,7.81,7.55,7.79,7467419.0,57606768.0
2013-09-03,7.82,7.85,7.66,7.81,8033025.0,62348664.0
2013-09-04,7.85,7.85,7.7,7.72,7299907.0,56683900.0
2013-09-05,7.74,8.2,7.56,7.85,16250047.0,128376584.0
2013-09-06,7.7,7.8,7.6,7.74,8895438.0,68559760.0
2013-09-09,7.76,7.95,7.7,7.86,10457178.0,81928688.0
2013-09-10,7.89,7.94,7.81,7.94,10442294.0,82270240.0
2013-09-11,7.92,8.2,7.88,7.96,16501802.0,133002944.0
2013-09-12,7.92,7.95,7.78,7.86,7873985.0,61833192.0
2013-09-13,7.83,7.84,7.7,7.75,6314376.0,48967752.0
2013-09-16,7.75,7.8,7.7,7.73,4371067.0,33836568.0
2013-09-17,7.74,7.74,7.43,7.44,6258667.0,47327464.0
2013-09-18,7.45,7.56,7.39,7.51,3315765.0,24783800.0
2013-09-23,7.56,7.59,7.47,7.58,4592861.0,34638932.0
2013-09-24,7.57,7.58,7.37,7.4,6489727.0,48262380.0
2013-09-25,7.44,7.46,7.19,7.2,7943507.0,58150880.0
2013-09-26,7.16,7.21,7.03,7.05,6258557.0,44529324.0
2013-09-27,7.04,7.19,7.03,7.08,3995154.0,28346032.0
2013-09-30,7.1,7.15,7.06,7.12,2784258.0,19743044.0
2013-10-08,7.12,7.25,7.06,7.24,5352760.0,38311680.0
2013-10-09,7.22,7.22,7.07,7.1,9698154.0,68998160.0
2013-10-10,7.1,7.17,7.04,7.09,7281163.0,51727484.0
2013-10-11,7.1,7.15,7.08,7.12,8558691.0,60837176.0
2013-10-14,7.11,7.14,7.04,7.11,7586083.0,53683840.0
2013-10-15,7.11,7.18,7.06,7.17,7421986.0,52829384.0
2013-10-16,7.13,7.14,6.89,6.92,8656665.0,60257112.0
2013-10-17,6.96,7.04,6.89,6.95,5203751.0,36139688.0
2013-10-18,6.95,6.97,6.85,6.89,4649426.0,32107340.0
2013-10-21,6.9,6.96,6.79,6.95,5443172.0,37470360.0
2013-10-22,6.92,6.95,6.84,6.87,5125789.0,35293160.0
2013-10-23,6.87,6.98,6.85,6.95,6971182.0,48279152.0
2013-10-24,6.9,6.92,6.79,6.79,4397371.0,30071744.0
2013-10-25,6.82,6.82,6.48,6.57,5598328.0,37200368.0
2013-10-28,6.57,6.65,6.5,6.56,2630254.0,17280802.0
2013-10-29,6.56,6.65,6.3,6.44,4406774.0,28604020.0
2013-10-30,6.44,6.54,6.31,6.53,3200052.0,20770274.0
2013-10-31,6.53,6.57,6.43,6.52,2728485.0,17741474.0
2013-11-01,6.52,6.65,6.48,6.59,2921577.0,19233016.0
2013-11-04,6.63,6.68,6.6,6.62,2574367.0,17094440.0
2013-11-05,6.64,6.65,6.51,6.64,2335766.0,15386180.0
2013-11-06,6.65,6.68,6.55,6.55,2969870.0,19671824.0
2013-11-07,6.54,6.59,6.49,6.5,2034419.0,13284095.0
2013-11-08,6.48,6.5,6.36,6.39,2291098.0,14715663.0
2013-11-11,6.38,6.43,6.29,6.36,1929505.0,12261017.0
2013-11-12,6.39,6.45,6.34,6.45,2293719.0,14685902.0
2013-11-13,6.45,6.49,6.35,6.37,2392965.0,15333408.0
2013-11-14,6.37,6.42,6.33,6.41,2008555.0,12822968.0
2013-11-15,6.45,6.7,6.4,6.56,5283935.0,34645504.0
2013-11-18,6.55,6.69,6.55,6.67,5048211.0,33505014.0
2013-11-19,6.67,6.67,6.6,6.61,3255340.0,21567372.0
2013-11-20,6.65,6.79,6.61,6.72,5258882.0,35275684.0
2013-11-21,6.73,6.73,6.61,6.64,3889632.0,25849044.0
2013-11-22,6.65,6.74,6.62,6.69,3536139.0,23593574.0
2013-11-25,6.72,6.74,6.65,6.67,2967900.0,19881098.0
2013-11-26,6.69,6.73,6.63,6.65,2777078.0,18490614.0
2013-11-27,6.64,6.65,6.55,6.62,3604721.0,23838260.0
2013-11-28,6.62,7.24,6.61,7.0,18912229.0,132239512.0
2013-11-29,6.88,6.93,6.82,6.85,8927563.0,61361312.0
2013-12-02,6.74,7.03,6.66,6.84,10839109.0,74404880.0
2013-12-03,6.73,6.97,6.68,6.93,7210672.0,49697244.0
2013-12-04,6.92,7.04,6.86,6.95,8002670.0,55661648.0
2013-12-05,6.95,6.99,6.83,6.89,5058280.0,34864988.0
2013-12-06,6.87,6.95,6.85,6.87,3399542.0,23428920.0
2013-12-09,6.87,6.94,6.8,6.83,3999749.0,27355932.0
2013-12-10,6.79,6.86,6.77,6.8,3718993.0,25326376.0
2013-12-11,6.77,6.98,6.75,6.84,8733731.0,59980880.0
2013-12-12,6.8,6.89,6.76,6.77,4444004.0,30298720.0
2013-12-13,6.75,6.79,6.7,6.71,3098050.0,20884244.0
2013-12-16,6.74,6.77,6.57,6.58,3756621.0,25056072.0
2013-12-17,6.56,6.6,6.45,6.48,3478862.0,22599856.0
2013-12-18,6.48,6.54,6.46,6.51,2347194.0,15262996.0
2013-12-19,6.57,6.59,6.48,6.5,3323775.0,21694404.0
2013-12-20,6.48,6.48,6.33,6.35,3415654.0,21812124.0
2013-12-23,6.36,6.41,6.26,6.4,3032707.0,19208760.0
2013-12-24,6.4,6.46,6.32,6.41,2110687.0,13514328.0
2013-12-25,6.43,6.44,6.36,6.4,1728737.0,11060250.0
2013-12-26,6.4,6.45,6.24,6.44,5051532.0,32086666.0
2013-12-27,6.4,6.52,6.37,6.46,4143089.0,26728282.0
2013-12-30,6.48,6.53,6.42,6.45,2592892.0,16758473.0
2013-12-31,6.45,6.54,6.43,6.49,2295927.0,14882262.0
2014-01-02,6.49,6.49,6.3,6.36,5847460.0,37188104.0
2014-01-03,6.33,6.36,6.25,6.26,3610650.0,22679834.0
2014-01-06,6.25,6.25,5.99,6.02,4409899.0,26721244.0
2014-01-07,6.0,6.07,5.98,6.02,2686106.0,16186897.0
2014-01-08,6.05,6.06,5.91,5.93,2937047.0,17625672.0
2014-01-09,5.8,5.9,5.74,5.76,3585138.0,20871916.0
2014-01-10,5.76,5.81,5.68,5.75,3869128.0,22214872.0
2014-01-13,5.8,6.08,5.76,5.95,6502134.0,38734712.0
2014-01-14,5.94,6.05,5.92,5.96,3561359.0,21292624.0
2014-01-15,5.96,5.98,5.82,5.86,2571923.0,15117414.0
2014-01-16,5.86,6.05,5.82,5.98,4021560.0,23931212.0
2014-01-17,5.96,5.97,5.83,5.84,2489949.0,14643903.0
2014-01-20,5.79,5.82,5.71,5.73,1921036.0,11067297.0
2014-01-21,5.73,5.84,5.71,5.82,1838673.0,10650071.0
2014-01-22,5.85,5.97,5.82,5.96,4104532.0,24356266.0
2014-01-23,5.99,6.0,5.9,5.92,2801112.0,16587102.0
2014-01-24,5.94,6.07,5.88,6.03,4331476.0,26039344.0
2014-01-27,6.0,6.07,5.95,5.96,2564152.0,15343399.0
2014-01-28,5.96,6.06,5.94,5.97,1485087.0,8881508.0
2014-01-29,5.98,6.0,5.94,5.98,1659392.0,9900323.0
2014-01-30,5.97,5.98,5.87,5.89,1589940.0,9384887.0
2014-02-07,5.78,5.95,5.78,5.93,1673576.0,9834228.0
2014-02-10,5.97,6.12,5.94,6.1,6153653.0,37255468.0
2014-02-11,6.12,6.14,6.02,6.11,5652775.0,34417108.0
2014-02-12,6.12,6.14,6.05,6.12,4922400.0,30000872.0
2014-02-13,6.13,6.26,6.08,6.08,6995024.0,43207320.0
2014-02-14,6.08,6.17,6.06,6.16,4390439.0,26838928.0
2014-02-17,6.19,6.25,6.14,6.21,6839403.0,42284496.0
2014-02-18,6.22,6.22,6.1,6.12,5825237.0,35814032.0
2014-02-19,6.17,6.17,6.05,6.12,5025473.0,30675244.0
2014-02-20,6.14,6.2,6.0,6.07,6347784.0,38869644.0
2014-02-21,6.01,6.17,6.01,6.04,4943921.0,30045996.0
2014-02-24,6.02,6.04,5.83,5.87,3906378.0,22979898.0
2014-02-25,5.87,5.92,5.6,5.63,6996871.0,40167264.0
2014-02-26,5.59,5.8,5.56,5.77,5082508.0,28931248.0
2014-02-27,5.76,5.76,5.6,5.62,4163257.0,23612044.0
2014-02-28,5.63,5.74,5.6,5.74,3833166.0,21801124.0
2014-03-03,5.72,6.04,5.71,5.95,8772087.0,51458936.0
2014-03-04,5.85,5.98,5.84,5.92,6637541.0,39248304.0
2014-03-05,5.9,5.91,5.81,5.83,4293872.0,25114356.0
2014-03-06,5.81,5.85,5.71,5.78,2465975.0,14227012.0
2014-03-07,5.8,5.89,5.8,5.82,3226121.0,18859296.0
2014-03-10,5.8,5.81,5.46,5.5,5034272.0,28221672.0
2014-03-11,5.5,5.51,5.39,5.46,4436646.0,24111774.0
2014-03-12,5.44,5.61,5.41,5.6,4853998.0,26820690.0
2014-03-13,5.6,5.68,5.54,5.59,2397815.0,13403000.0
2014-03-14,5.55,5.76,5.52,5.6,3932708.0,22123864.0
2014-03-17,5.65,5.67,5.57,5.65,2745214.0,15433197.0
2014-03-18,5.67,5.67,5.56,5.57,3029732.0,16936528.0
2014-03-19,5.56,5.58,5.44,5.53,3682811.0,20254576.0
2014-03-20,5.5,5.55,5.43,5.44,2271393.0,12490677.0
2014-03-21,5.41,5.61,5.41,5.59,3558819.0,19627028.0
2014-03-24,5.59,5.66,5.56,5.63,4632322.0,25988598.0
2014-03-25,5.63,5.76,5.58,5.67,4848638.0,27474774.0
2014-03-26,5.7,5.72,5.62,5.68,3424219.0,19397284.0
2014-03-27,5.73,5.73,5.6,5.61,3038532.0,17224102.0
2014-03-28,5.61,5.68,5.54,5.55,2934536.0,16447129.0
2014-03-31,5.52,5.61,5.52,5.56,1720677.0,9578986.0
2014-04-01,5.55,5.62,5.52,5.6,1820709.0,10156695.0
2014-04-02,5.61,5.64,5.58,5.64,3396003.0,19064864.0
2014-04-03,5.66,5.67,5.55,5.56,2597953.0,14567970.0
2014-04-04,5.53,5.69,5.52,5.66,4570704.0,25747212.0
2014-04-08,5.66,5.75,5.62,5.72,4828742.0,27520388.0
2014-04-09,5.72,5.76,5.69,5.71,3247829.0,18565548.0
2014-04-10,5.71,5.77,5.65,5.76,6154583.0,35183880.0
2014-04-11,5.71,5.75,5.65,5.66,4610346.0,26204106.0
2014-04-14,5.65,5.71,5.62,5.7,3377573.0,19161860.0
2014-04-16,5.78,5.82,5.63,5.66,5256099.0,30067048.0
2014-04-17,5.63,5.67,5.6,5.6,2786066.0,15664428.0
2014-04-18,5.58,5.63,5.55,5.58,2084526.0,11664056.0
2014-04-21,5.53,5.6,5.52,5.52,2182894.0,12117969.0
2014-04-22,5.51,5.53,5.42,5.45,2451868.0,13409304.0
2014-04-23,5.45,5.54,5.44,5.49,1591598.0,8725145.0
2014-04-24,5.49,5.52,5.45,5.49,1422636.0,7812109.0
2014-04-25,5.5,5.6,5.46,5.49,2703349.0,14940014.0
2014-04-28,5.5,5.58,5.49,5.5,4073183.0,22521996.0
2014-04-29,5.5,5.51,5.34,5.42,3164243.0,17097584.0
2014-04-30,5.39,5.52,5.37,5.51,2955529.0,16112812.0
2014-05-05,5.5,5.7,5.44,5.7,8360796.0,47038064.0
2014-05-06,5.65,5.79,5.6,5.66,7300097.0,41826168.0
2014-05-07,5.65,5.77,5.62,5.75,5550304.0,31737076.0
2014-05-08,5.73,5.93,5.73,5.92,11136332.0,65424908.0
2014-05-09,5.89,6.51,5.87,6.51,41746947.0,268024928.0
2014-05-12,6.35,7.16,6.34,7.16,46634076.0,321652768.0
2014-05-13,7.69,7.88,6.9,7.16,73480828.0,553134528.0
2014-05-14,6.95,7.05,6.71,6.77,33488933.0,229785136.0
2014-05-15,6.5,6.56,6.32,6.37,31361150.0,201125536.0
2014-05-16,6.35,6.44,6.15,6.4,21290507.0,134790464.0
2014-05-19,6.38,6.4,6.17,6.32,14860569.0,93319520.0
2014-05-20,6.39,6.39,6.08,6.16,18444205.0,114335968.0
2014-05-21,6.1,6.32,6.03,6.25,16745115.0,104055192.0
2014-05-22,6.1,6.21,6.02,6.03,10810944.0,66037128.0
2014-05-23,6.03,6.1,5.98,6.09,8529934.0,51539940.0
2014-05-26,6.08,6.23,6.06,6.2,11292488.0,69404760.0
2014-05-27,6.18,6.18,6.04,6.07,9371122.0,57048888.0
2014-05-28,6.03,6.1,5.99,6.09,9059574.0,54879392.0
2014-05-29,6.08,6.13,5.99,6.03,10970476.0,66435032.0
2014-05-30,6.0,6.35,6.0,6.29,27477744.0,171403248.0
2014-06-03,6.22,6.75,6.19,6.41,31061359.0,200770688.0
2014-06-04,6.29,6.29,6.02,6.08,18416239.0,112905128.0
2014-06-05,6.06,6.14,6.02,6.13,7933262.0,48309728.0
2014-06-06,6.11,6.19,6.05,6.1,6505792.0,39698672.0
2014-06-09,6.08,6.13,6.0,6.01,6937859.0,42056504.0
2014-06-10,6.04,6.05,5.85,5.98,14802097.0,87835424.0
2014-06-11,5.95,6.08,5.91,6.04,11294027.0,67794768.0
2014-06-12,5.99,6.15,5.9,6.01,13918542.0,83785704.0
2014-06-13,6.01,6.36,5.97,6.25,22687157.0,140746640.0
2014-06-16,6.36,6.58,6.25,6.29,20192044.0,127957464.0
2014-06-17,6.3,6.4,6.18,6.19,11797624.0,74009976.0
2014-06-18,6.22,6.81,6.14,6.81,30898634.0,202699696.0
2014-06-19,6.96,7.1,6.61,6.74,53944606.0,368291328.0
2014-06-20,6.6,6.71,6.41,6.58,20863860.0,136851168.0
2014-06-23,6.56,6.89,6.44,6.8,24092036.0,161096272.0
2014-06-24,6.74,7.0,6.61,6.77,22049469.0,149696496.0
2014-06-25,6.76,6.77,6.55,6.58,12144225.0,80387888.0
2014-06-26,6.61,6.77,6.59,6.63,14141365.0,94508256.0
2014-06-27,6.61,6.75,6.56,6.64,13194959.0,88050160.0
2014-06-30,6.65,6.79,6.55,6.7,12501196.0,83551408.0
2014-07-01,6.7,6.98,6.62,6.78,17924391.0,122455680.0
2014-07-02,6.75,6.96,6.66,6.91,16980566.0,115785208.0
2014-07-03,7.0,7.12,6.8,6.86,17149145.0,118426624.0
2014-07-04,6.86,6.86,6.68,6.69,11128419.0,75153840.0
2014-07-07,6.66,6.77,6.61,6.75,7602810.0,50912312.0
2014-07-08,6.75,6.84,6.63,6.78,8987757.0,60564200.0
2014-07-09,6.75,6.88,6.66,6.67,10663802.0,72126512.0
2014-07-10,6.66,6.7,6.54,6.57,8203663.0,54312308.0
2014-07-11,6.6,6.72,6.57,6.62,9370879.0,62161096.0
2014-07-14,6.61,6.82,6.58,6.8,11529211.0,77420200.0
2014-07-15,6.75,6.83,6.68,6.71,8099424.0,54530264.0
2014-07-16,6.74,6.93,6.71,6.85,14049048.0,95821744.0
2014-07-17,6.84,7.53,6.76,7.25,43796955.0,315371168.0
2014-07-18,7.0,7.18,6.97,7.06,22374714.0,158285440.0
2014-07-21,7.1,7.17,6.9,6.93,12146269.0,85279624.0
2014-07-22,6.9,7.12,6.89,6.99,15309708.0,107465808.0
2014-07-23,7.04,7.16,6.93,6.93,14668524.0,103226144.0
2014-07-24,6.92,6.98,6.6,6.81,13894409.0,94669208.0
2014-07-25,6.86,7.45,6.86,7.25,36177105.0,261579808.0
2014-07-28,7.24,7.85,7.11,7.57,40547060.0,305283520.0
2014-07-29,7.58,7.8,7.36,7.61,33950376.0,256139632.0
2014-07-30,7.45,7.57,7.38,7.42,18620176.0,138808992.0
2014-07-31,7.48,7.65,7.39,7.54,18993713.0,143281504.0
2014-08-01,7.55,7.55,7.22,7.26,18945577.0,139711904.0
2014-08-04,7.26,7.42,7.25,7.41,13928891.0,102350496.0
2014-08-05,7.41,7.49,7.31,7.43,11637101.0,86055528.0
2014-08-06,7.38,7.69,7.29,7.57,21209081.0,158883312.0
2014-08-07,7.53,7.59,7.33,7.36,14311206.0,106653640.0
2014-08-08,7.36,7.48,7.3,7.39,9897132.0,73259968.0
2014-08-11,7.39,7.46,7.3,7.45,11014647.0,81586248.0
2014-08-12,7.55,7.68,7.52,7.54,20615091.0,156595616.0
2014-08-13,7.56,7.83,7.51,7.75,23473326.0,180937920.0
2014-08-14,7.74,7.74,7.51,7.52,13829519.0,105140896.0
2014-08-15,7.53,7.6,7.43,7.54,8182049.0,61667872.0
2014-08-18,7.55,7.72,7.47,7.65,13742299.0,104428112.0
2014-08-19,7.65,7.65,7.49,7.58,11801574.0,89096904.0
2014-08-20,7.55,7.63,7.48,7.52,9342400.0,70576656.0
2014-08-21,7.52,7.6,7.38,7.48,10204288.0,76493536.0
2014-08-22,7.48,7.53,7.42,7.49,8202695.0,61301972.0
2014-08-25,7.5,7.52,7.32,7.35,8440380.0,62298756.0
2014-08-26,7.38,7.41,7.13,7.15,8237465.0,60015096.0
2014-08-27,7.15,7.32,7.15,7.24,7092914.0,51314712.0
2014-08-28,7.24,7.27,7.12,7.2,4503796.0,32449156.0
2014-08-29,7.19,7.43,7.16,7.35,6236390.0,45701176.0
2014-09-01,7.33,7.4,7.3,7.39,5856437.0,43123980.0
2014-09-02,7.41,7.48,7.35,7.47,8766452.0,65080924.0
2014-09-03,7.49,7.57,7.46,7.5,9054039.0,68103096.0
2014-09-04,7.5,7.58,7.48,7.54,7977634.0,60090128.0
2014-09-05,7.55,7.61,7.5,7.59,10630861.0,80416176.0
2014-09-09,7.58,7.58,7.43,7.46,8372578.0,62652792.0
2014-09-10,7.42,7.53,7.32,7.49,8761983.0,65302996.0
2014-09-11,7.49,7.54,7.4,7.41,7712572.0,57631216.0
2014-09-12,7.41,7.45,7.29,7.44,7981676.0,58697068.0
2014-09-15,7.37,7.5,7.32,7.49,10301057.0,76308744.0
2014-09-16,7.5,7.52,7.22,7.23,10663901.0,78977744.0
2014-09-17,7.23,7.36,7.17,7.27,7802695.0,56749476.0
2014-09-18,7.25,7.31,7.21,7.28,5436255.0,39440472.0
2014-09-19,7.28,7.32,7.23,7.3,4791954.0,34855124.0
2014-09-22,7.28,7.28,7.05,7.08,8274516.0,58995776.0
2014-09-23,7.08,7.11,7.01,7.09,6256579.0,44160648.0
2014-09-24,7.09,7.19,7.03,7.18,7466633.0,53234772.0
2014-09-25,7.2,7.24,7.12,7.16,7082538.0,50933576.0
2014-09-26,7.4,7.55,7.38,7.47,23480328.0,175397952.0
2014-09-29,7.49,7.54,7.39,7.46,12300293.0,91708264.0
2014-09-30,7.43,7.55,7.43,7.48,10879128.0,81507496.0
2014-10-08,7.43,7.45,7.32,7.4,11348609.0,83772408.0
2014-10-09,7.42,7.54,7.36,7.54,16517922.0,123557368.0
2014-10-10,7.51,7.61,7.38,7.42,13673215.0,102180104.0
2014-10-13,7.4,7.44,7.32,7.42,7033441.0,51818776.0
2014-10-14,7.42,7.43,7.26,7.29,8238598.0,60588200.0
2014-10-15,7.29,7.33,7.19,7.27,7534301.0,54604488.0
2014-10-16,7.22,7.31,7.17,7.18,6356205.0,45997764.0
2014-10-17,7.18,7.22,6.92,6.97,9582131.0,67220280.0
2014-10-20,6.97,7.12,6.97,7.1,6713729.0,47295968.0
2014-10-21,7.08,7.09,6.99,6.99,4606652.0,32384166.0
2014-10-22,6.98,7.05,6.98,6.99,4454297.0,31260872.0
2014-10-23,7.02,7.02,6.89,6.91,5367446.0,37288568.0
2014-10-24,6.94,6.96,6.79,6.82,4822806.0,33057708.0
2014-10-27,6.82,6.84,6.72,6.83,3494937.0,23653600.0
2014-10-28,6.86,6.98,6.83,6.97,5168286.0,35826596.0
2014-10-29,7.03,7.09,6.94,7.06,6974294.0,48961640.0
2014-10-30,7.05,7.15,7.02,7.09,8014825.0,56761052.0
2014-10-31,7.07,7.26,7.03,7.23,12163351.0,87155152.0
2014-11-03,7.24,7.25,7.16,7.2,10506257.0,75584672.0
2014-11-04,7.19,7.34,7.11,7.3,16406104.0,118971336.0
2014-11-05,7.33,7.43,7.19,7.2,13970862.0,102093384.0
2014-11-06,7.15,7.31,7.12,7.26,8806440.0,63326232.0
2014-11-07,7.23,7.35,7.12,7.23,10009940.0,72523264.0
2014-11-10,7.25,7.33,7.14,7.3,13483447.0,97543824.0
2014-11-11,7.3,7.54,7.2,7.49,31195122.0,230150224.0
2014-11-12,7.4,7.58,7.36,7.52,21883725.0,164054208.0
2014-11-13,7.52,7.86,7.29,7.72,33869128.0,257170304.0
2014-11-14,7.63,7.7,7.52,7.56,16875267.0,128176296.0
2014-11-17,7.56,7.64,7.4,7.55,14505833.0,109010616.0
2014-11-18,7.53,7.73,7.45,7.67,18432136.0,140381600.0
2014-11-19,7.66,7.66,7.46,7.53,11621030.0,87494304.0
2014-11-20,7.53,7.57,7.39,7.45,9930996.0,74058776.0
2014-11-21,7.47,7.48,7.33,7.44,12463460.0,92263152.0
2014-11-24,7.51,7.76,7.47,7.64,22895162.0,174343776.0
2014-11-25,7.6,8.4,7.58,8.4,41725876.0,332155712.0
2014-11-26,8.4,9.19,8.24,9.0,69512426.0,605030016.0
2014-11-27,8.9,8.93,8.66,8.83,41548029.0,364891584.0
2014-11-28,8.88,9.0,8.64,8.98,37010238.0,326136608.0
2014-12-01,9.0,9.5,8.89,9.2,44669938.0,408758144.0
2014-12-02,9.0,9.12,8.82,9.02,30947061.0,277335136.0
2014-12-03,8.93,9.92,8.73,9.72,58406939.0,555614336.0
2014-12-04,9.6,9.99,9.53,9.88,43381803.0,422131008.0
2014-12-05,9.86,9.86,9.02,9.27,34943896.0,330226144.0
2014-12-08,9.13,9.58,8.9,9.29,26758121.0,248831344.0
2014-12-09,9.3,9.76,8.36,8.66,34447889.0,322182752.0
2014-12-10,8.5,9.04,8.5,8.91,20052111.0,176564464.0
2014-12-11,8.88,9.12,8.77,9.02,17511855.0,156866128.0
2014-12-12,9.13,9.54,9.11,9.24,19397543.0,180394976.0
2014-12-15,9.18,9.18,8.86,9.12,15453366.0,138895712.0
2014-12-16,9.11,9.31,8.9,9.3,22092776.0,201317952.0
2014-12-17,9.3,9.33,8.88,9.07,18991385.0,172330464.0
2014-12-18,9.07,9.48,8.99,9.26,28487684.0,264997776.0
2014-12-19,9.18,9.55,9.01,9.4,27076854.0,252664112.0
2014-12-22,9.38,9.9,9.26,9.89,45573497.0,438923808.0
2014-12-23,9.7,9.87,8.9,8.9,29884151.0,279892576.0
2014-12-24,8.88,8.88,8.27,8.54,24749806.0,212258688.0
2014-12-25,8.6,8.76,8.55,8.74,13409682.0,115845848.0
2014-12-26,8.77,9.05,8.71,9.03,17742692.0,158212880.0
2014-12-29,9.06,9.16,8.75,8.87,17929127.0,161283680.0
2014-12-30,8.9,9.1,8.55,8.76,15256287.0,135136800.0
2014-12-31,8.76,8.9,8.51,8.75,11020153.0,96034368.0
2015-01-05,8.75,9.63,8.7,9.63,30510838.0,285748224.0
2015-01-06,10.08,10.37,9.7,9.91,56495703.0,565723648.0
2015-01-07,9.85,10.69,9.69,10.25,41568562.0,426572512.0
2015-01-08,10.13,10.28,9.74,9.97,24731532.0,247723424.0
2015-01-09,9.85,10.35,9.8,9.9,31578402.0,320942112.0
2015-01-12,9.65,9.84,9.43,9.71,20629134.0,198301184.0
2015-01-13,9.71,9.84,9.38,9.43,19357640.0,186171456.0
2015-01-14,9.48,9.54,9.02,9.17,21768514.0,201766368.0
2015-01-15,9.09,9.3,8.98,9.28,18770968.0,171930288.0
2015-01-16,9.4,9.64,9.27,9.6,33862872.0,320043360.0
2015-01-19,9.05,9.38,8.64,8.91,24150456.0,219651008.0
2015-01-20,8.99,9.15,8.85,9.1,14536649.0,131616848.0
2015-01-21,9.12,10.0,9.11,9.7,45462489.0,434990976.0
2015-01-22,9.72,10.67,9.59,10.67,60813982.0,628460416.0
2015-01-23,10.8,11.37,10.68,10.93,68799440.0,757247808.0
2015-01-26,10.8,11.25,10.6,11.17,47576565.0,525092032.0
2015-01-27,11.03,12.19,10.98,11.72,54638252.0,635668224.0
2015-01-28,11.49,11.58,11.18,11.27,28184312.0,320898656.0
2015-01-29,11.1,11.23,10.71,11.02,24029984.0,264268336.0
2015-01-30,11.01,11.48,10.91,11.03,29455836.0,330292160.0
2015-02-02,10.9,11.36,10.65,11.18,19689521.0,219291168.0
2015-02-03,11.3,11.4,10.81,11.21,21811870.0,240776336.0
2015-02-04,11.17,11.9,11.14,11.74,40008398.0,463895968.0
2015-02-05,12.0,12.43,11.32,11.35,33042035.0,392386656.0
2015-02-06,11.03,11.3,10.58,10.77,22522914.0,244465536.0
2015-02-09,10.77,10.92,10.61,10.72,12462876.0,134275584.0
2015-02-10,10.65,11.07,10.63,11.01,11887885.0,129718544.0
2015-02-11,10.97,11.17,10.71,10.93,15289783.0,166463728.0
2015-02-12,10.94,10.99,10.55,10.75,14224294.0,152548352.0
2015-02-13,10.88,11.58,10.83,11.28,28723820.0,322764448.0
2015-02-16,11.36,11.5,11.12,11.49,18023711.0,203688864.0
2015-02-17,11.46,11.68,11.35,11.36,15115952.0,173351888.0
2015-02-25,11.39,11.39,11.01,11.07,14093702.0,156737856.0
2015-02-26,11.07,12.18,11.01,12.18,29997742.0,348086880.0
2015-02-27,12.23,13.16,11.93,12.58,46111964.0,575173568.0
2015-03-02,12.88,13.3,12.54,12.79,40583843.0,522675840.0
2015-03-03,12.65,13.37,12.44,12.61,37734048.0,487109600.0
2015-03-04,12.5,12.77,12.13,12.51,29898251.0,371808032.0
2015-03-05,12.37,13.05,12.26,12.91,28378218.0,360706912.0
2015-03-06,12.79,13.75,12.64,13.11,34372474.0,454319104.0
2015-03-09,13.0,13.05,12.42,12.96,21422973.0,272875776.0
2015-03-10,12.9,13.37,12.81,12.91,17410063.0,228295216.0
2015-03-11,12.89,13.23,12.51,12.74,16550881.0,212191056.0
2015-03-12,12.75,12.94,12.5,12.79,12876887.0,163811088.0
2015-03-13,12.75,13.5,12.6,13.14,18489337.0,242806592.0
2015-03-16,13.19,13.69,13.05,13.68,22952880.0,307191744.0
2015-03-17,13.72,13.96,13.4,13.54,25942152.0,353326720.0
2015-03-18,13.45,13.72,13.4,13.7,21755018.0,294770144.0
2015-03-19,13.72,14.09,13.51,13.6,24444950.0,336984512.0
2015-03-20,13.59,13.6,13.27,13.52,20528085.0,275817024.0
2015-03-23,13.76,14.1,13.52,13.61,25414917.0,350193312.0
2015-03-24,13.64,13.85,13.11,13.45,26839016.0,360159392.0
2015-03-25,13.33,13.4,12.8,12.96,27591310.0,361048896.0
2015-03-26,12.95,13.46,12.7,13.25,29111423.0,380914752.0
2015-03-27,13.35,13.48,13.25,13.3,21685974.0,289775168.0
2015-03-30,13.31,13.59,13.21,13.53,27458301.0,367790912.0
2015-03-31,13.56,14.09,13.48,13.59,36900270.0,507091712.0
2015-04-01,13.59,13.85,13.43,13.8,22292170.0,305028160.0
2015-04-02,13.9,14.39,13.63,14.35,38398296.0,536842944.0
2015-04-03,14.08,14.6,14.0,14.27,27821508.0,398061600.0
2015-04-07,14.29,14.75,14.15,14.45,28901088.0,417758784.0
2015-04-08,14.45,14.5,13.61,13.81,31830690.0,444807584.0
2015-04-09,13.83,13.9,12.83,13.16,23328155.0,310595008.0
2015-04-10,13.18,13.53,13.16,13.4,17093388.0,229102448.0
2015-04-13,13.41,14.05,13.32,13.99,26463537.0,362558816.0
2015-04-14,13.97,13.97,13.48,13.66,21978181.0,300460960.0
2015-04-15,13.5,13.71,13.1,13.2,16999218.0,228227136.0
2015-04-16,13.0,13.6,12.81,13.35,13230837.0,175458208.0
2015-04-17,13.43,14.31,13.38,14.15,40531310.0,563000512.0
2015-04-20,14.3,14.49,13.6,13.66,44735820.0,630459136.0
2015-04-21,13.64,14.07,13.39,14.04,23270900.0,320489824.0
2015-04-22,13.96,15.23,13.9,15.11,50632300.0,747545664.0
2015-04-23,14.99,16.62,14.62,16.62,69520830.0,1102968064.0
2015-04-24,16.62,17.59,15.87,16.92,64402754.0,1076840704.0
2015-04-27,16.8,16.8,16.1,16.36,39626436.0,650147968.0
2015-04-28,16.15,16.24,15.06,15.1,40814358.0,633910528.0
2015-04-29,15.65,16.61,15.63,16.61,26004699.0,419278624.0
2015-04-30,18.27,18.27,16.45,16.51,69069539.0,1210317184.0
2015-05-04,16.0,16.11,15.26,15.75,36144485.0,565969792.0
2015-05-05,15.58,15.95,14.7,14.79,29079307.0,445413120.0
2015-05-06,14.79,15.49,14.5,14.79,21019208.0,316476480.0
2015-05-07,14.58,15.2,14.5,14.93,17419651.0,260260384.0
2015-05-08,15.06,15.34,14.92,15.34,19498302.0,295499456.0
2015-05-11,15.55,15.88,15.38,15.76,27152250.0,424837984.0
2015-05-12,15.79,16.16,15.31,16.07,32814169.0,514206112.0
2015-05-13,15.78,16.38,15.75,15.95,33113519.0,532416864.0
2015-05-14,15.85,16.38,15.19,16.29,37335301.0,590851904.0
2015-05-15,16.35,17.0,15.86,15.88,45607260.0,750194752.0
2015-05-18,15.4,15.5,15.06,15.2,25055373.0,382715008.0
2015-05-19,15.12,15.6,15.1,15.57,23042036.0,355314528.0
2015-05-20,15.5,15.97,15.38,15.5,26278701.0,411895424.0
2015-05-21,15.5,15.67,15.33,15.63,21782616.0,337350560.0
2015-05-22,15.65,16.51,15.65,16.5,41060590.0,664568192.0
2015-05-25,16.5,16.93,16.29,16.78,38489107.0,641926592.0
2015-05-26,17.1,17.55,16.52,17.25,40029079.0,684238336.0
2015-05-27,17.15,17.74,16.57,17.51,43235951.0,739886208.0
2015-05-28,17.35,18.18,15.76,15.78,45875248.0,793507136.0
2015-05-29,15.48,16.0,14.6,15.22,27288309.0,418427232.0
2015-06-01,15.18,16.38,15.16,16.19,25708326.0,405736000.0
2015-06-02,16.2,16.78,15.93,16.69,27055418.0,443625216.0
2015-06-03,16.72,16.72,16.0,16.25,24140200.0,394302048.0
2015-06-04,16.24,17.88,15.25,17.88,52033757.0,874152128.0
2015-06-05,18.48,19.61,17.88,18.66,79022053.0,1481719168.0
2015-06-08,18.3,18.57,17.8,18.1,42477285.0,770622528.0
2015-06-09,17.84,18.65,17.84,18.29,33438321.0,611495040.0
2015-06-10,17.9,18.8,17.6,18.09,29112100.0,528695456.0
2015-06-11,18.0,18.19,17.6,17.87,22019642.0,393278720.0
2015-06-12,17.73,18.28,17.73,18.0,26988975.0,487026688.0
2015-06-15,17.96,18.8,17.71,18.42,44113786.0,807813760.0
2015-06-16,17.97,18.03,16.58,16.59,35691664.0,612482944.0
2015-06-17,16.3,17.16,15.71,16.91,28714569.0,470763616.0
2015-06-18,16.8,17.17,15.9,16.2,21871523.0,366629504.0
2015-06-19,16.0,16.6,15.04,15.06,18812229.0,301270688.0
2015-06-23,15.09,15.33,13.55,15.2,20722891.0,304682976.0
2015-06-24,15.34,15.8,15.0,15.74,27022617.0,416238368.0
2015-06-25,15.69,15.7,14.25,14.45,23659912.0,359653216.0
2015-06-26,13.91,14.2,13.01,13.01,20580142.0,277429888.0
2015-06-29,13.34,13.38,11.71,11.71,43176818.0,525168224.0
2015-06-30,10.93,12.5,10.54,12.36,46215337.0,532364800.0
2015-07-01,12.01,12.42,11.12,11.17,34379043.0,407972256.0
2015-07-02,11.18,11.23,10.05,10.05,50990713.0,540396608.0
2015-07-03,11.06,11.06,10.85,11.06,110459495.0,1221410432.0
2015-07-06,12.17,12.17,11.91,12.17,218281749.0,2654432000.0
2015-07-07,11.68,12.14,10.95,11.34,258240951.0,2942848512.0
2015-07-08,10.21,10.8,10.21,10.21,151401418.0,1554775552.0
2015-07-09,9.7,11.23,9.3,11.23,114460513.0,1186414720.0
2015-07-10,12.35,12.35,11.85,12.35,56351145.0,693748864.0
2015-07-13,13.59,13.59,13.2,13.59,106079727.0,1438523648.0
2015-07-14,14.13,14.95,13.95,14.95,301016038.0,4419997184.0
2015-07-15,14.58,15.28,13.46,13.46,230908153.0,3268023808.0
2015-07-16,12.8,14.81,12.4,14.81,198855729.0,2797802496.0
2015-07-17,15.2,16.29,15.0,15.72,299087597.0,4720498176.0
2015-07-20,15.01,16.07,15.01,15.79,220290665.0,3440066048.0
2015-07-21,15.5,17.37,15.3,17.37,256263878.0,4294838528.0
2015-07-22,17.5,17.74,16.0,16.9,227291817.0,3837530880.0
2015-07-23,16.68,17.38,16.5,16.9,144566741.0,2446617600.0
2015-07-24,16.71,18.2,16.2,17.36,229201873.0,3912460032.0
2015-07-27,16.75,17.83,15.62,15.62,183468746.0,3088124928.0
2015-07-28,14.58,16.45,14.15,15.93,178029859.0,2726459392.0
2015-07-29,16.25,16.8,14.62,16.62,163581840.0,2584479232.0
2015-07-30,16.12,16.58,15.06,15.31,127031815.0,2040859520.0
2015-07-31,15.0,16.2,14.9,15.42,111023972.0,1727700480.0
2015-08-03,14.8,15.17,13.88,13.9,122108249.0,1743753856.0
2015-08-04,14.08,15.1,13.81,15.0,111816713.0,1630858496.0
2015-08-05,14.8,15.0,14.18,14.35,94846018.0,1385037184.0
2015-08-06,13.83,14.49,13.77,13.95,64372346.0,904305280.0
2015-08-07,14.23,14.89,14.22,14.52,83724542.0,1219387392.0
2015-08-10,14.8,15.97,14.57,15.68,134047455.0,2054523904.0
2015-08-11,15.64,16.2,15.46,15.75,132806167.0,2102649088.0
2015-08-12,15.5,15.8,15.09,15.1,87521751.0,1347536640.0
2015-08-13,15.1,16.61,15.07,16.61,176423541.0,2844459264.0
2015-08-14,17.04,17.08,16.02,16.19,161005399.0,2644884992.0
2015-08-17,16.16,16.37,15.7,16.31,97043031.0,1555085952.0
2015-08-18,16.2,16.31,14.68,14.68,113549288.0,1748635776.0
2015-08-19,14.12,15.03,13.35,14.73,93974568.0,1336920576.0
2015-08-20,14.5,15.56,14.15,14.39,88441959.0,1317398784.0
2015-08-21,14.01,14.5,13.25,13.44,75625469.0,1047371840.0
2015-08-24,12.9,13.0,12.1,12.1,63370331.0,778715200.0
2015-08-25,10.99,11.7,10.89,10.89,70294258.0,785983744.0
2015-08-26,11.06,11.88,10.62,10.85,104925133.0,1175045120.0
2015-08-27,11.34,11.7,10.79,11.64,86078071.0,969317312.0
2015-08-28,11.9,12.8,11.67,12.79,100300402.0,1220173952.0
2015-08-31,12.3,12.38,11.59,12.32,111681869.0,1349057280.0
2015-09-01,12.0,12.15,11.09,12.05,94765409.0,1107191552.0
2015-09-02,11.32,12.5,11.16,12.24,104139420.0,1251790080.0
2015-09-07,12.2,13.2,12.05,12.14,46258732.0,582284096.0
2015-09-08,12.16,12.68,11.41,12.53,42748492.0,517156544.0
2015-09-09,12.5,13.09,12.4,12.91,62721229.0,805001280.0
2015-09-10,12.63,12.9,12.34,12.38,37565633.0,475379744.0
2015-09-11,12.4,12.57,12.1,12.44,29627611.0,365930560.0
2015-09-14,12.5,12.56,11.2,11.2,45498709.0,532905632.0
2015-09-15,11.01,11.04,10.08,10.08,43669141.0,458477632.0
2015-09-16,10.1,11.09,9.99,10.99,47640610.0,500245824.0
2015-09-17,10.92,11.5,10.61,10.67,53060478.0,591242944.0
2015-09-18,10.85,10.97,10.56,10.86,28741341.0,309429920.0
2015-09-21,10.6,11.49,10.56,11.36,43434177.0,480317280.0
2015-09-22,11.33,11.65,11.11,11.3,44871740.0,510456032.0
2015-09-23,10.92,11.56,10.89,11.33,48915925.0,547047680.0
2015-09-24,11.33,11.65,11.28,11.49,44180461.0,506422624.0
2015-09-25,11.4,11.49,10.51,10.61,46352762.0,507865184.0
2015-09-28,10.68,10.86,10.48,10.84,20139056.0,215891568.0
2015-09-29,10.57,10.68,10.31,10.39,24472275.0,256949920.0
2015-09-30,10.5,10.65,10.42,10.44,16920787.0,178108864.0
2015-10-08,10.97,11.05,10.73,10.77,34980268.0,381404576.0
2015-10-09,10.83,11.43,10.72,11.22,50477317.0,562890880.0
2015-10-12,11.26,12.28,11.21,12.0,67859459.0,795727488.0
2015-10-13,11.78,11.97,11.65,11.89,49322346.0,582225088.0
2015-10-14,11.81,12.45,11.75,11.98,58742686.0,714224960.0
2015-10-15,11.86,12.31,11.85,12.25,46503759.0,563889024.0
2015-10-16,12.28,12.38,11.96,12.23,48776914.0,593787712.0
2015-10-19,12.25,12.89,12.09,12.51,66644381.0,830516864.0
2015-10-20,12.42,12.65,12.32,12.53,50247380.0,627220160.0
2015-10-21,12.57,12.63,11.28,11.29,61404094.0,728958400.0
2015-10-22,11.39,11.95,11.31,11.79,43365869.0,503660640.0
2015-10-23,11.8,12.19,11.72,12.14,37732714.0,451826112.0
2015-10-26,12.31,12.76,12.2,12.43,52956184.0,660731840.0
2015-10-27,12.25,13.67,12.2,13.67,108377623.0,1415594368.0
2015-10-28,13.62,13.62,12.83,12.96,73503212.0,970100928.0
2015-10-29,13.1,13.55,13.03,13.18,47049194.0,625702336.0
2015-10-30,13.16,13.95,13.0,13.53,63131690.0,847058752.0
2015-11-02,13.0,13.43,12.71,12.84,56361921.0,739145920.0
2015-11-03,13.03,13.39,12.91,13.05,37795002.0,496535744.0
2015-11-04,13.05,14.3,13.05,13.77,86035470.0,1179219584.0
2015-11-05,13.73,14.2,13.61,13.89,85181910.0,1184323712.0
2015-11-06,13.89,14.33,13.75,14.31,72933142.0,1027557312.0
2015-11-09,14.38,14.66,14.0,14.2,98302892.0,1406804864.0
2015-11-10,14.07,15.08,13.98,14.35,121642875.0,1771107712.0
2015-11-11,14.52,14.57,14.14,14.25,74875438.0,1070744576.0
2015-11-12,14.32,14.85,14.16,14.32,118501832.0,1716347776.0
2015-11-13,4.85,5.19,4.77,4.97,196092618.0,982962496.0
2015-11-16,4.58,4.67,4.47,4.65,329020793.0,1505288576.0
2015-11-17,4.68,4.71,4.54,4.55,248004616.0,1141934080.0
2015-11-18,4.55,4.85,4.43,4.61,250081059.0,1154642560.0
2015-11-19,4.61,4.73,4.5,4.67,194466588.0,902126528.0
2015-11-20,4.68,5.14,4.63,5.14,294332010.0,1467616384.0
2015-11-23,5.49,5.65,5.39,5.65,590388662.0,3313915392.0
2015-11-24,5.61,5.61,5.19,5.43,493330223.0,2664440576.0
2015-11-25,5.43,5.85,5.4,5.58,459039060.0,2588459520.0
2015-11-26,5.49,5.79,5.35,5.54,356929243.0,1970106368.0
2015-11-27,5.41,5.58,5.05,5.17,293181894.0,1568285312.0
2015-11-30,5.13,5.28,4.7,5.09,229348083.0,1150672000.0
2015-12-01,5.09,5.09,4.95,5.02,146785762.0,734689600.0
2015-12-02,5.01,5.01,4.8,4.99,111812991.0,550632448.0
2015-12-03,4.98,5.14,4.94,5.08,131544298.0,663736128.0
2015-12-04,5.07,5.12,4.98,5.02,128251176.0,648031744.0
2015-12-07,5.01,5.05,4.95,4.99,99110778.0,494265088.0
2015-12-08,4.94,4.95,4.78,4.8,130066319.0,628445952.0
2015-12-09,4.75,4.78,4.66,4.67,96495233.0,453185760.0
2015-12-10,4.67,4.85,4.65,4.7,84102023.0,399126176.0
2015-12-11,4.71,4.85,4.55,4.75,121782359.0,569802816.0
2015-12-14,4.66,4.91,4.62,4.86,130421715.0,627936384.0
2015-12-15,4.84,4.84,4.75,4.78,98070670.0,468519744.0
2015-12-16,4.76,4.84,4.75,4.76,78820670.0,377066784.0
2015-12-17,4.77,4.85,4.76,4.81,113409263.0,544184576.0
2015-12-18,4.8,4.8,4.67,4.72,105767725.0,499295840.0
2015-12-21,4.7,4.74,4.65,4.72,73018255.0,343455392.0
2015-12-22,4.72,4.76,4.68,4.72,75047777.0,353291616.0
2015-12-23,4.71,4.71,4.62,4.63,87284748.0,406370656.0
2015-12-24,4.62,4.66,4.57,4.61,58883535.0,270996544.0
2015-12-25,4.61,4.69,4.58,4.65,61125021.0,283141952.0
2015-12-28,4.64,4.65,4.54,4.55,74734583.0,342683808.0
2015-12-29,4.54,4.55,4.47,4.52,58123197.0,261321568.0
2015-12-30,4.54,4.54,4.46,4.48,46344123.0,207870528.0
2015-12-31,4.48,4.51,4.45,4.46,43907742.0,196539328.0
2016-01-04,4.47,4.47,4.01,4.02,67367534.0,283661632.0
2016-01-05,3.91,4.05,3.63,3.94,86015589.0,335347808.0
2016-01-06,3.95,4.33,3.95,4.33,151088038.0,641083712.0
2016-01-07,4.18,4.27,3.9,3.9,43117195.0,175199136.0
2016-01-08,4.0,4.2,3.82,4.09,143096903.0,582471616.0
2016-01-11,4.0,4.05,3.82,3.84,97735702.0,382692192.0
2016-01-12,4.0,4.22,3.86,4.1,188482025.0,777835584.0
2016-01-13,3.99,4.04,3.88,3.94,134944198.0,532582176.0
2016-01-14,3.8,4.08,3.75,4.02,88375185.0,347334912.0
2016-01-15,3.99,3.99,3.78,3.83,80813548.0,312756416.0
2016-01-18,3.78,3.87,3.72,3.82,48607101.0,185879280.0
2016-01-19,3.82,3.9,3.76,3.9,71412121.0,274538624.0
2016-01-20,3.87,3.93,3.81,3.84,55917072.0,215739952.0
2016-01-21,3.78,3.84,3.68,3.69,51823599.0,195273984.0
2016-01-22,3.7,3.78,3.66,3.73,41969999.0,156336928.0
2016-01-25,3.71,3.79,3.71,3.74,39703352.0,148856880.0
2016-01-26,3.71,3.71,3.37,3.4,65886210.0,234106240.0
2016-01-27,3.39,3.45,3.1,3.28,61231590.0,199301440.0
2016-01-28,3.22,3.26,3.04,3.06,45192909.0,142254080.0
2016-01-29,3.06,3.3,3.04,3.2,54800219.0,173282656.0
2016-02-01,3.15,3.17,3.06,3.1,40839622.0,127065512.0
2016-02-02,3.1,3.19,3.1,3.17,39558867.0,124976608.0
2016-02-03,3.14,3.24,3.11,3.2,40148018.0,126722520.0
2016-02-04,3.21,3.44,3.21,3.36,84998577.0,284462176.0
2016-02-05,3.36,3.37,3.26,3.27,55183064.0,182033696.0
2016-02-15,3.19,3.47,3.13,3.4,78306048.0,262508736.0
2016-02-16,3.39,3.49,3.34,3.45,86102651.0,294503392.0
2016-02-17,3.43,3.44,3.38,3.43,59594465.0,203076832.0
2016-02-18,3.47,3.77,3.42,3.59,165970572.0,603490880.0
2016-02-19,3.49,3.56,3.48,3.51,93832304.0,329603424.0
2016-02-22,3.55,3.69,3.54,3.62,83188180.0,301392800.0
2016-02-23,3.59,3.68,3.58,3.62,65228345.0,236081584.0
2016-02-24,3.63,3.64,3.53,3.58,54228785.0,194117280.0
2016-02-25,3.59,3.61,3.23,3.26,80904886.0,276612224.0
2016-02-26,3.26,3.35,3.24,3.32,49677491.0,163810752.0
2016-02-29,3.29,3.34,3.08,3.22,53948085.0,171935040.0
2016-03-01,3.21,3.4,3.2,3.33,61418467.0,203484688.0
2016-03-02,3.3,3.56,3.2,3.53,116269081.0,400568128.0
2016-03-03,3.52,3.73,3.48,3.56,134988702.0,487850272.0
2016-03-04,3.54,3.67,3.38,3.5,102686978.0,365061952.0
2016-03-07,3.59,3.75,3.53,3.7,131682999.0,479720768.0
2016-03-08,3.72,3.72,3.55,3.62,104705748.0,377492736.0
2016-03-09,3.45,3.5,3.4,3.43,72656545.0,250257840.0
2016-03-10,3.45,3.5,3.36,3.38,37661753.0,129130672.0
2016-03-11,3.38,3.42,3.33,3.38,27975712.0,94466024.0
2016-03-14,3.42,3.48,3.39,3.45,58188498.0,200565296.0
2016-03-15,3.42,3.43,3.35,3.38,43858532.0,148288896.0
2016-03-16,3.38,3.4,3.32,3.34,32783871.0,109884224.0
2016-03-17,3.37,3.41,3.34,3.4,48565631.0,164456416.0
2016-03-18,3.4,3.54,3.4,3.51,95207219.0,331633536.0
2016-03-21,3.51,3.57,3.48,3.56,101809302.0,359262080.0
2016-03-22,3.54,3.55,3.48,3.5,68770036.0,241215872.0
2016-03-23,3.49,3.74,3.46,3.59,118023358.0,424407008.0
2016-03-24,3.5,3.53,3.46,3.47,86993444.0,303698912.0
2016-03-25,3.45,3.5,3.41,3.46,45026276.0,155702336.0
2016-03-28,3.46,3.54,3.43,3.48,58987322.0,204944880.0
2016-03-29,3.49,3.53,3.44,3.45,56634972.0,196696432.0
2016-03-30,3.47,3.54,3.46,3.51,65422688.0,228669424.0
2016-03-31,3.52,3.66,3.49,3.58,134070476.0,478539680.0
2016-04-01,3.54,3.59,3.5,3.54,73860613.0,261487808.0
2016-04-05,3.54,3.61,3.5,3.6,101072601.0,359728992.0
2016-04-06,3.59,3.66,3.56,3.59,86203369.0,310655552.0
2016-04-07,3.61,3.62,3.5,3.51,71445913.0,252956032.0
2016-04-08,3.49,3.49,3.42,3.45,54110245.0,186732192.0
2016-04-11,3.47,3.54,3.47,3.51,50595612.0,177735184.0
2016-04-12,3.51,3.52,3.44,3.47,39140233.0,135868064.0
2016-04-13,3.52,3.68,3.52,3.6,210117468.0,760690048.0
2016-04-14,3.61,3.61,3.53,3.57,101414649.0,360504960.0
2016-04-15,3.57,3.59,3.52,3.54,54676241.0,193639760.0
2016-04-18,3.52,3.52,3.47,3.49,48880016.0,170368416.0
2016-04-19,3.51,3.55,3.49,3.49,40194426.0,141092224.0
2016-04-20,3.52,3.53,3.22,3.35,85940476.0,291276032.0
2016-04-21,3.36,3.48,3.32,3.39,73943826.0,252495472.0
2016-04-22,3.33,3.37,3.3,3.35,37506229.0,124867576.0
2016-04-25,3.34,3.36,3.3,3.35,24553698.0,81688880.0
2016-04-26,3.34,3.36,3.3,3.35,25927606.0,86208336.0
2016-04-27,3.35,3.47,3.32,3.37,51787085.0,176227840.0
2016-05-26,3.71,3.71,3.71,3.71,19991060.0,74166832.0
2016-05-27,4.08,4.08,3.83,3.84,353192243.0,1398563456.0
2016-05-30,3.7,3.84,3.66,3.69,148608377.0,553063104.0
2016-05-31,3.72,3.87,3.69,3.86,172361125.0,656779584.0
2016-06-01,3.85,4.25,3.8,4.25,234541366.0,961830720.0
2016-06-02,4.38,4.68,4.3,4.53,441174644.0,1975988736.0
2016-06-03,4.5,4.55,4.33,4.45,235173794.0,1043147200.0
2016-06-06,4.47,4.54,4.38,4.46,159192010.0,709165184.0
2016-06-07,4.46,4.65,4.4,4.49,216951450.0,983212416.0
2016-06-08,4.44,4.46,4.32,4.38,160725577.0,704826112.0
2016-06-13,4.32,4.47,4.23,4.24,168653058.0,738042880.0
2016-06-14,4.22,4.35,4.1,4.2,132957916.0,562209472.0
2016-06-15,4.13,4.6,4.1,4.44,202167521.0,888719936.0
2016-06-16,4.43,4.67,4.4,4.64,300678758.0,1377749504.0
2016-06-17,4.68,4.74,4.46,4.5,196522114.0,898555328.0
2016-06-20,4.5,4.54,4.36,4.43,103418368.0,457915552.0
2016-06-21,4.42,4.48,4.24,4.3,131649920.0,573245696.0
2016-06-22,4.26,4.43,4.26,4.36,67650357.0,294775968.0
2016-06-23,4.32,4.38,4.2,4.25,100605218.0,428048000.0
2016-06-24,4.25,4.27,4.03,4.14,125609744.0,521395840.0
2016-06-27,4.08,4.23,4.07,4.21,89210785.0,371286688.0
2016-06-28,4.19,4.21,4.1,4.2,89018931.0,368956672.0
2016-06-29,4.22,4.3,4.16,4.24,111044497.0,469527712.0
2016-06-30,4.26,4.26,4.1,4.15,84572869.0,352799872.0
2016-07-01,4.15,4.2,4.12,4.15,48019453.0,199535136.0
2016-07-04,4.12,4.36,4.12,4.28,152026325.0,652131200.0
2016-07-05,4.26,4.34,4.24,4.3,98944614.0,423990048.0
2016-07-06,4.27,4.49,4.25,4.48,203144086.0,890857088.0
2016-07-07,4.54,4.9,4.54,4.75,370681719.0,1763516544.0
2016-07-08,4.68,4.69,4.51,4.52,166198069.0,759716736.0
2016-07-11,4.49,4.73,4.46,4.55,194487930.0,896516800.0
2016-07-12,4.47,4.68,4.45,4.57,125464901.0,569771648.0
2016-07-13,4.58,4.66,4.52,4.58,95768088.0,439212512.0
2016-07-14,4.56,4.56,4.41,4.45,91654665.0,407911264.0
2016-07-15,4.43,4.45,4.37,4.4,67457177.0,296559168.0
2016-07-18,4.4,4.43,4.38,4.39,41026856.0,180710528.0
2016-07-19,4.39,4.42,4.29,4.35,69697800.0,302541216.0
2016-07-20,4.34,4.38,4.32,4.35,41128085.0,178962240.0
2016-07-21,4.35,4.36,4.24,4.33,77086228.0,331394304.0
2016-07-22,4.31,4.31,4.23,4.24,63979095.0,272592576.0
2016-07-25,4.2,4.25,4.17,4.21,47088162.0,197806592.0
2016-07-26,4.21,4.28,4.21,4.27,37179484.0,158526080.0
2016-07-27,4.27,4.28,4.01,4.08,85953718.0,355551328.0
2016-07-28,4.08,4.12,4.01,4.1,42142106.0,171934160.0
2016-07-29,4.1,4.16,4.03,4.05,34243700.0,139266784.0
2016-08-01,4.06,4.07,3.95,3.99,37573734.0,150322496.0
2016-08-02,4.0,4.02,3.95,4.0,28242336.0,112580472.0
2016-08-03,4.0,4.03,3.96,3.99,25866974.0,103341736.0
2016-08-04,4.0,4.09,3.96,4.06,40583450.0,163245552.0
2016-08-05,4.05,4.06,4.01,4.02,24611390.0,99150192.0
2016-08-08,4.02,4.06,3.99,4.05,28012111.0,112822496.0
2016-08-09,4.05,4.07,4.05,4.07,32128571.0,130409528.0
2016-08-10,4.07,4.2,4.06,4.18,72739440.0,301985760.0
2016-08-11,4.19,4.2,4.07,4.09,50883321.0,209294432.0
2016-08-12,4.09,4.11,4.03,4.1,38899457.0,158038672.0
2016-08-15,4.09,4.17,4.06,4.15,62768003.0,258720768.0
2016-08-16,4.14,4.18,4.13,4.16,55262689.0,229389184.0
2016-08-17,4.15,4.16,4.08,4.11,40626146.0,167094352.0
2016-08-18,4.1,4.13,4.08,4.1,35206103.0,144316160.0
2016-08-19,4.09,4.11,4.05,4.09,38793738.0,157979856.0
2016-08-22,4.09,4.1,4.05,4.06,26588401.0,108093440.0
2016-08-23,4.05,4.08,4.04,4.06,23977668.0,97200072.0
2016-08-24,4.05,4.07,4.04,4.05,17580600.0,71151368.0
2016-08-25,4.04,4.04,3.98,4.01,30663570.0,122764184.0
2016-08-26,4.02,4.04,4.01,4.01,16776980.0,67498928.0
2016-08-29,4.0,4.03,3.99,4.0,22616606.0,90586936.0
2016-08-30,4.01,4.02,3.98,3.99,20022710.0,79999416.0
2016-08-31,4.0,4.05,3.97,4.04,31323169.0,125634800.0
2016-09-01,4.05,4.05,4.0,4.0,20623843.0,83022896.0
2016-09-02,3.99,4.03,3.99,4.0,20974343.0,83929392.0
2016-09-05,4.0,4.04,4.0,4.01,28735665.0,115447192.0
2016-09-06,4.01,4.02,3.97,4.02,27148490.0,108420176.0
2016-09-07,4.03,4.05,4.0,4.02,38773932.0,155984672.0
2016-09-08,4.02,4.02,3.98,3.99,24469091.0,97691936.0
2016-09-09,4.0,4.02,3.98,3.98,23382980.0,93540800.0
2016-09-12,3.96,3.97,3.84,3.87,48619402.0,189729488.0
2016-09-13,3.87,3.89,3.83,3.85,24634750.0,94921064.0
2016-09-14,3.8,3.84,3.78,3.8,22808206.0,86813600.0
2016-09-19,3.8,3.84,3.8,3.83,15652163.0,59925428.0
2016-09-20,3.85,3.85,3.82,3.83,10937931.0,41936320.0
2016-09-21,3.84,3.86,3.82,3.83,12893857.0,49511308.0
2016-09-22,3.84,3.86,3.83,3.84,19738448.0,75834080.0
2016-09-23,3.85,3.85,3.8,3.82,19328193.0,73842008.0
2016-09-26,3.83,3.83,3.69,3.7,29277882.0,110124584.0
2016-09-27,3.7,3.71,3.65,3.69,21629327.0,79568920.0
2016-09-28,3.71,3.76,3.67,3.71,21943287.0,81733320.0
2016-09-29,3.72,3.75,3.7,3.71,13835246.0,51519268.0
2016-09-30,3.72,3.73,3.69,3.71,13183105.0,48861988.0
2016-10-10,3.74,3.79,3.74,3.78,24146657.0,91111136.0
2016-10-11,3.79,3.8,3.76,3.79,23736000.0,89540816.0
2016-10-12,3.78,3.78,3.75,3.76,22466893.0,84485808.0
2016-10-13,3.77,3.77,3.73,3.75,20823259.0,77932496.0
2016-10-14,3.75,3.75,3.7,3.72,19649018.0,72970168.0
2016-10-17,3.74,3.77,3.71,3.73,25587899.0,95747128.0
2016-10-18,3.71,3.76,3.71,3.76,22180927.0,82851560.0
2016-10-19,3.76,4.05,3.75,3.94,124894644.0,489996640.0
2016-10-20,3.92,3.92,3.85,3.89,64062233.0,248109856.0
2016-10-21,3.89,3.9,3.82,3.86,36577225.0,140747360.0
2016-10-24,3.86,3.88,3.8,3.88,44874948.0,173033536.0
2016-10-25,3.88,3.91,3.85,3.89,36181951.0,140442496.0
2016-10-26,3.9,3.9,3.85,3.86,30791320.0,118898824.0
2016-10-27,3.86,3.87,3.8,3.83,25711044.0,98216200.0
2016-10-28,3.82,3.83,3.8,3.82,19022816.0,72567112.0
2016-10-31,3.82,3.85,3.78,3.84,35524949.0,135483264.0
2016-11-01,3.84,3.85,3.81,3.84,28856996.0,110448560.0
2016-11-02,3.83,3.87,3.8,3.85,43887660.0,168352864.0
2016-11-03,3.83,3.86,3.81,3.84,36184165.0,138658752.0
2016-11-04,3.84,3.84,3.81,3.81,22552313.0,86212616.0
2016-11-07,3.81,3.94,3.79,3.89,83490447.0,323201408.0
2016-11-08,3.88,3.88,3.84,3.85,37810234.0,145704912.0
2016-11-09,3.85,3.88,3.81,3.88,47597508.0,183206992.0
2016-11-10,3.96,4.02,3.93,3.94,117250683.0,465453536.0
2016-11-11,3.94,4.33,3.92,4.33,322766725.0,1359582976.0
2016-11-14,4.35,4.48,4.23,4.41,363927812.0,1587266432.0
2016-11-15,4.35,4.38,4.22,4.25,161180525.0,693513664.0
2016-11-16,4.23,4.29,4.13,4.17,120668452.0,505175008.0
2016-11-17,4.17,4.26,4.15,4.2,85681386.0,360401024.0
2016-11-18,4.23,4.23,4.1,4.16,95962368.0,397143456.0
2016-11-21,4.13,4.23,4.1,4.15,79736381.0,331394304.0
2016-11-22,4.15,4.26,4.15,4.22,108529838.0,456687104.0
2016-11-23,4.21,4.21,4.12,4.13,68752029.0,285784288.0
2016-11-24,4.15,4.37,4.15,4.27,181000440.0,768420864.0
2016-11-25,4.29,4.33,4.14,4.22,86015059.0,362682688.0
2016-11-28,4.21,4.38,4.19,4.31,147016366.0,629895360.0
2016-11-29,4.27,4.28,4.16,4.17,118779136.0,500499168.0
2016-11-30,4.13,4.14,4.04,4.07,89873933.0,366143104.0
2016-12-01,4.08,4.11,4.07,4.1,38122041.0,155737728.0
2016-12-02,4.1,4.1,3.98,4.0,54435047.0,219103632.0
2016-12-05,3.95,4.01,3.93,3.99,32044652.0,127334392.0
2016-12-06,4.01,4.04,3.97,3.98,25189796.0,100806168.0
2016-12-07,3.98,4.1,3.97,4.08,63205843.0,256264384.0
2016-12-08,4.05,4.15,4.03,4.05,46714177.0,190460016.0
2016-12-09,4.03,4.07,4.01,4.06,32341466.0,130699832.0
2016-12-12,4.05,4.06,3.89,3.9,49655078.0,196509168.0
2016-12-15,3.89,3.89,3.89,3.89,0.0,0.0
