date,autd
2005/9/29,121.44
2005/9/30,121.95
2005/10/10,122.95
2005/10/11,123.1
2005/10/12,123.6
2005/10/13,122.92
2005/10/14,122.45
2005/10/17,122.69
2005/10/18,122.94
2005/10/19,122
2005/10/20,120.98
2005/10/21,120.5
2005/10/24,120.41
2005/10/25,120.95
2005/10/26,122.75
2005/10/27,122.79
2005/10/28,122.75
2005/10/31,122.38
2005/11/1,121.35
2005/11/2,120.59
2005/11/3,120.93
2005/11/4,120.18
2005/11/7,119.4
2005/11/8,119.23
2005/11/9,120.35
2005/11/10,121.02
2005/11/11,120.91
2005/11/14,122
2005/11/15,121.52
2005/11/16,122.14
2005/11/17,123.25
2005/11/18,125.29
2005/11/21,125.8
2005/11/22,126.83
2005/11/23,127
2005/11/24,127.55
2005/11/25,128.08
2005/11/28,128.71
2005/11/29,129.36
2005/11/30,128.29
2005/12/1,128.35
2005/12/2,130.31
2005/12/5,131.1
2005/12/6,131.76
2005/12/7,132.82
2005/12/8,134.41
2005/12/9,135.47
2005/12/12,139.19
2005/12/13,135.6
2005/12/14,133.55
2005/12/15,131.6
2005/12/16,129.1
2005/12/19,131.95
2005/12/20,131.8
2005/12/21,128.5
2005/12/22,128.65
2005/12/23,131
2005/12/26,131.39
2005/12/27,132.16
2005/12/28,132.8
2005/12/29,134
2005/12/30,133.31
2006/1/4,138.24
2006/1/5,137.74
2006/1/6,136.76
2006/1/9,140.46
2006/1/10,140.96
2006/1/11,140.98
2006/1/12,141.26
2006/1/13,141.51
2006/1/16,143.69
2006/1/17,144.29
2006/1/18,141.81
2006/1/19,142.8
2006/1/20,143.8
2006/1/23,143.9
2006/1/24,143.9
2006/1/25,143.9
2006/1/26,144.9
2006/1/27,144.03
2006/2/6,147.71
2006/2/7,147.74
2006/2/8,142.1
2006/2/9,144.21
2006/2/10,144.75
2006/2/13,141.85
2006/2/14,139.36
2006/2/15,141.29
2006/2/16,140.08
2006/2/17,140.97
2006/2/20,143.42
2006/2/21,143.27
2006/2/22,143.48
2006/2/23,142.94
2006/2/24,142.98
2006/2/27,143.55
2006/2/28,143.4
2006/3/1,144.81
2006/3/2,145.51
2006/3/3,146.7
2006/3/6,146.75
2006/3/7,144.24
2006/3/8,143.1
2006/3/9,141.13
2006/3/10,141.42
2006/3/13,141.3
2006/3/14,141.21
2006/3/15,142.46
2006/3/16,142.31
2006/3/17,143.15
2006/3/20,143.59
2006/3/21,142.83
2006/3/22,142.61
2006/3/23,141.97
2006/3/24,141.87
2006/3/27,144.61
2006/3/28,145.54
2006/3/30,144.78
2006/3/31,150.59
2006/4/3,150.39
2006/4/4,151.01
2006/4/5,150.39
2006/4/6,152.4
2006/4/7,153.1
2006/4/10,152.87
2006/4/11,154.85
2006/4/12,153.59
2006/4/13,153.35
2006/4/14,154.23
2006/4/17,156.15
2006/4/18,158.58
2006/4/19,160.57
2006/4/20,165.27
2006/4/21,158.86
2006/4/24,162.55
2006/4/25,161.19
2006/4/26,163
2006/4/27,164.45
2006/4/28,164.22
2006/5/8,175.6
2006/5/9,174.25
2006/5/10,181.14
2006/5/11,183.09
2006/5/12,185.4
2006/5/15,184.2
2006/5/16,175.66
2006/5/17,181.66
2006/5/18,176.71
2006/5/19,177.1
2006/5/22,168.54
2006/5/23,169.67
2006/5/24,171.73
2006/5/25,167.3
2006/5/26,168.15
2006/5/29,167.7
2006/5/30,169
2006/5/31,168.82
2006/6/1,163.6
2006/6/2,161.69
2006/6/5,165.45
2006/6/6,164.08
2006/6/7,161.29
2006/6/8,160.05
2006/6/9,156.8
2006/6/12,155.24
2006/6/13,152.57
2006/6/14,144.66
2006/6/16,149.44
2006/6/19,147.05
2006/6/20,146.8
2006/6/21,148.3
2006/6/22,152.66
2006/6/23,150.08
2006/6/26,150.91
2006/6/27,151.4
2006/6/28,149.8
2006/6/29,154.19
2006/7/3,159.01
2006/7/4,159.63
2006/7/5,160.53
2006/7/6,160.6
2006/7/7,162
2006/7/10,161.34
2006/7/11,160.92
2006/7/12,164.37
2006/7/13,166.79
2006/7/14,169.03
2006/7/17,173.53
2006/7/18,167
2006/7/19,161
2006/7/20,164.5
2006/7/21,160.6
2006/7/24,157.72
2006/7/25,160.07
2006/7/26,159
2006/7/27,161.78
2006/7/28,162.43
2006/7/31,163.1
2006/8/1,162.5
2006/8/2,166.07
2006/8/3,166.42
2006/8/4,165.33
2006/8/7,166.5
2006/8/8,165.75
2006/8/9,164.2
2006/8/10,167
2006/8/11,164.4
2006/8/14,161.77
2006/8/15,160.7
2006/8/16,161.23
2006/8/17,162.08
2006/8/18,157.9
2006/8/21,159.69
2006/8/22,160.69
2006/8/23,160
2006/8/24,159.96
2006/8/25,159.65
2006/8/28,159.7
2006/8/29,158.2
2006/8/30,157.6
2006/8/31,159
2006/9/1,160.37
2006/9/4,160.31
2006/9/5,160.6
2006/9/6,162.4
2006/9/7,162.42
2006/9/8,158.01
2006/9/11,152.36
2006/9/12,152.44
2006/9/13,149.22
2006/9/14,151.21
2006/9/15,147.92
2006/9/18,149.07
2006/9/19,149.92
2006/9/20,147.35
2006/9/21,147.81
2006/9/22,149.68
2006/9/25,150.06
2006/9/26,150.5
2006/9/27,151.25
2006/9/28,152.69
2006/9/29,152.72
2006/10/9,148
2006/10/10,147.49
2006/10/11,145.56
2006/10/12,146.75
2006/10/16,147.34
2006/10/17,151.19
2006/10/18,150.3
2006/10/19,150.03
2006/10/20,152.63
2006/10/23,150.22
2006/10/24,147.65
2006/10/25,148.19
2006/10/26,150.65
2006/10/27,150.5
2006/10/30,152.27
2006/10/31,152.04
2006/11/1,153.5
2006/11/2,155.61
2006/11/3,157.18
2006/11/6,158.48
2006/11/7,158.07
2006/11/8,158.25
2006/11/9,156.47
2006/11/10,159.74
2006/11/13,159.36
2006/11/14,157.66
2006/11/15,157.49
2006/11/16,158.05
2006/11/17,156.47
2006/11/20,157.77
2006/11/21,157.82
2006/11/22,158.6
2006/11/23,158.92
2006/11/24,159.41
2006/11/27,161.09
2006/11/28,161.15
2006/11/29,161.33
2006/11/30,160.62
2006/12/1,162.67
2006/12/4,162.79
2006/12/5,162.16
2006/12/6,160.92
2006/12/7,158.6
2006/12/8,159.33
2006/12/11,157.99
2006/12/12,158.99
2006/12/13,158.57
2006/12/14,158.25
2006/12/15,157.87
2006/12/18,155.79
2006/12/19,155.38
2006/12/20,156.59
2006/12/21,156.1
2006/12/22,155.96
2006/12/25,156.35
2006/12/26,157.44
2006/12/27,157.18
2006/12/28,157.7
2006/12/29,159
2007/1/4,158.24
2007/1/5,156.89
2007/1/8,153.61
2007/1/9,154.26
2007/1/11,153.41
2007/1/12,153.9
2007/1/15,156.84
2007/1/16,156.75
2007/1/17,156.27
2007/1/18,157.7
2007/1/19,157.33
2007/1/22,158.6
2007/1/23,158.69
2007/1/24,160.25
2007/1/25,161.2
2007/1/26,161.14
2007/1/29,161.2
2007/1/30,160.28
2007/1/31,161.08
2007/2/1,162.6
2007/2/2,163.23
2007/2/5,161.35
2007/2/6,162.06
2007/2/7,163.07
2007/2/8,162.4
2007/2/9,163.74
2007/2/12,165.3
2007/2/13,165.15
2007/2/14,166.25
2007/2/15,166.5
2007/2/16,166
2007/2/26,170.38
2007/2/27,170.22
2007/2/28,167.07
2007/3/1,167.29
2007/3/2,164.62
2007/3/5,159.43
2007/3/6,160.7
2007/3/7,160.68
2007/3/8,162.54
2007/3/9,162.58
2007/3/12,162.3
2007/3/13,162
2007/3/14,162
2007/3/15,160.71
2007/3/16,161.38
2007/3/19,163.12
2007/3/20,162.83
2007/3/21,164.06
2007/3/22,164.06
2007/3/23,164.41
2007/3/26,163.92
2007/3/27,165.07
2007/3/28,165.45
2007/3/29,165.1
2007/3/30,164.89
2007/4/2,165.11
2007/4/3,165.23
2007/4/4,165.69
2007/4/5,167.04
2007/4/6,167.35
2007/4/9,166.97
2007/4/10,168
2007/4/11,168.31
2007/4/13,168.25
2007/4/16,170.25
2007/4/17,170.79
2007/4/18,171.52
2007/4/19,169.89
2007/4/20,170.3
2007/4/23,171.15
2007/4/24,171.47
2007/4/25,170.15
2007/4/26,170.2
2007/4/27,167.03
2007/4/30,168.19
2007/5/8,169.97
2007/5/9,169.62
2007/5/10,168.17
2007/5/11,165.5
2007/5/14,166.4
2007/5/15,165.42
2007/5/16,166.2
2007/5/17,164.09
2007/5/18,162.51
2007/5/21,163.08
2007/5/22,163.49
2007/5/23,162.67
2007/5/24,162.94
2007/5/25,161.25
2007/5/28,161.75
2007/5/30,161.48
2007/6/1,163.17
2007/6/4,164.69
2007/6/5,165.25
2007/6/6,164.81
2007/6/7,165
2007/6/8,162
2007/6/12,160.74
2007/6/13,158.72
2007/6/14,159.87
2007/6/15,160.07
2007/6/18,161.11
2007/6/20,161.7
2007/6/22,160.05
2007/6/25,159.97
2007/6/26,157.01
2007/6/27,157.01
2007/6/28,158
2007/6/29,158.79
2007/7/2,159.18
2007/7/3,160.72
2007/7/4,160.09
2007/7/5,160.19
2007/7/9,158.65
2007/7/10,161.07
2007/7/11,162.09
2007/7/12,161.29
2007/7/13,162.02
2007/7/16,162.3
2007/7/17,161.65
2007/7/18,162.62
2007/7/19,163.29
2007/7/25,164.82
2007/7/26,164.14
2007/7/27,161.29
2007/7/30,161.4
2007/7/31,161.85
2007/8/1,160.9
2007/8/2,161.93
2007/8/3,162.17
2007/8/6,163.6
2007/8/7,163.02
2007/8/8,163.08
2007/8/9,163.8
2007/8/10,161.85
2007/8/13,162.95
2007/8/14,163.15
2007/8/15,162.35
2007/8/16,162.59
2007/8/17,158.87
2007/8/20,160.7
2007/8/21,160.98
2007/8/22,160.81
2007/8/23,161.57
2007/8/27,162.31
2007/8/28,162.08
2007/8/29,161.44
2007/8/30,161.7
2007/8/31,162
2007/9/3,163.44
2007/9/5,164.87
2007/9/6,165.65
2007/9/7,167.71
2007/9/10,169.88
2007/9/11,169.9
2007/9/12,171.98
2007/9/13,170.98
2007/9/14,170.6
2007/9/17,172.05
2007/9/18,173.3
2007/9/19,174.85
2007/9/20,175.2
2007/9/21,177.89
2007/9/24,177.2
2007/9/25,175.02
2007/9/26,176.92
2007/9/27,176.39
2007/9/28,177.96
2007/10/8,178.38
2007/10/9,176.73
2007/10/10,178.9
2007/10/11,179.38
2007/10/12,180.17
2007/10/15,181.99
2007/10/16,184.2
2007/10/17,182.7
2007/10/18,183.54
2007/10/19,185.38
2007/10/22,183.37
2007/10/23,182.75
2007/10/24,182.23
2007/10/25,183.74
2007/10/26,186.39
2007/10/29,189.95
2007/10/30,188.34
2007/11/1,188.36
2007/11/2,189.28
2007/11/5,192.25
2007/11/6,194.61
2007/11/7,199.66
2007/11/13,193.01
2007/11/14,192.73
2007/11/15,194.35
2007/11/16,188.69
2007/11/19,188.19
2007/11/20,187.21
2007/11/21,191.77
2007/11/22,191.32
2007/11/23,193.22
2007/11/26,196.55
2007/11/27,196.23
2007/11/28,191.7
2007/11/29,191.74
2007/11/30,189.3
2007/12/3,188.57
2007/12/4,188.06
2007/12/5,191.21
2007/12/6,188.37
2007/12/7,190.12
2007/12/10,189.67
2007/12/11,192.08
2007/12/12,191.17
2007/12/13,191.99
2007/12/14,189.6
2007/12/17,188.29
2007/12/18,188.6
2007/12/19,189.98
2007/12/20,189.72
2007/12/21,189.6
2007/12/24,191.15
2007/12/25,191.2
2007/12/26,191.75
2007/12/27,193.5
2007/12/28,194.03
2008/1/2,196.36
2008/1/3,200.39
2008/1/4,202.04
2008/1/7,200.07
2008/1/8,202.19
2008/1/9,208.06
2008/1/10,204.95
2008/1/11,208.25
2008/1/14,211
2008/1/15,211.89
2008/1/16,206
2008/1/17,205.96
2008/1/18,204.91
2008/1/21,205
2008/1/22,199.29
2008/1/23,206.01
2008/1/24,206.9
2008/1/25,211.6
2008/1/28,212.67
2008/1/29,213.83
2008/1/30,213.33
2008/1/31,213.23
2008/2/1,213.61
2008/2/4,209.97
2008/2/5,208.46
2008/2/13,208.08
2008/2/14,210.75
2008/2/15,210.2
2008/2/18,209.04
2008/2/19,209.68
2008/2/20,213.3
2008/2/21,216.1
2008/2/22,216.85
2008/2/25,217.84
2008/2/26,214.54
2008/2/27,219.63
2008/2/28,218.28
2008/2/29,221.31
2008/3/3,224.51
2008/3/4,224.33
2008/3/5,220.91
2008/3/6,225.62
2008/3/7,224.69
2008/3/10,223.58
2008/3/11,221.8
2008/3/12,222.67
2008/3/13,225.17
2008/3/14,226.88
2008/3/17,233.34
2008/3/18,228.2
2008/3/19,225.05
2008/3/20,214.91
2008/3/21,209.5
2008/3/24,206.6
2008/3/26,209.87
2008/3/27,214.41
2008/3/28,212.9
2008/3/31,210.79
2008/4/1,203.65
2008/4/2,200.35
2008/4/3,203.3
2008/4/7,205.2
2008/4/8,207.12
2008/4/9,204.45
2008/4/10,208.95
2008/4/11,207.79
2008/4/14,207.14
2008/4/16,210.1
2008/4/17,212.49
2008/4/18,212.4
2008/4/21,207.14
2008/4/22,206.1
2008/4/23,206.45
2008/4/24,203.66
2008/4/25,199.95
2008/4/28,201.08
2008/4/29,199.59
2008/4/30,196.99
2008/5/5,194.34
2008/5/6,196.72
2008/5/7,196.47
2008/5/8,194.73
2008/5/9,198.78
2008/5/12,197.98
2008/5/13,197.18
2008/5/14,194.82
2008/5/15,195.3
2008/5/16,198.13
2008/5/19,203.21
2008/5/20,203.65
2008/5/21,205.69
2008/5/22,207.7
2008/5/23,205.18
2008/5/26,206.52
2008/5/27,206.62
2008/5/28,203
2008/5/29,200.15
2008/5/30,194.98
2008/6/2,197.39
2008/6/3,199.37
2008/6/4,195.86
2008/6/5,196
2008/6/6,196
2008/6/10,197.35
2008/6/11,194.8
2008/6/12,193.2
2008/6/13,193.23
2008/6/16,192.67
2008/6/17,196.39
2008/6/18,196.2
2008/6/19,197.13
2008/6/20,199.18
2008/6/23,199.5
2008/6/24,195.82
2008/6/25,196.1
2008/6/26,195.88
2008/6/27,201.35
2008/7/1,204.22
2008/7/2,207.6
2008/7/3,208
2008/7/4,206.12
2008/7/7,203.4
2008/7/8,204.78
2008/7/9,203.16
2008/7/10,204
2008/7/11,207.31
2008/7/14,211.1
2008/7/15,213.19
2008/7/16,213.02
2008/7/17,211.1
2008/7/18,211.09
2008/7/21,211.34
2008/7/22,212.9
2008/7/23,206.76
2008/7/24,203.59
2008/7/25,204.43
2008/7/28,204.22
2008/7/29,204.82
2008/7/30,201.69
2008/7/31,200.54
2008/8/1,200.45
2008/8/4,201.61
2008/8/5,195.9
2008/8/6,194.98
2008/8/7,194.77
2008/8/8,191.47
2008/8/11,189.77
2008/8/12,178.99
2008/8/13,182.53
2008/8/14,183.22
2008/8/15,174.56
2008/8/18,177.3
2008/8/19,173.91
2008/8/20,179.58
2008/8/21,180.6
2008/8/22,183.58
2008/8/25,181.15
2008/8/26,180.51
2008/8/27,182.3
2008/8/28,183.44
2008/8/29,183.7
2008/9/1,183.5
2008/9/2,177.85
2008/9/3,175.92
2008/9/4,178.6
2008/9/5,176.08
2008/9/8,179.48
2008/9/9,176.55
2008/9/10,171.09
2008/9/11,166.88
2008/9/12,167.31
2008/9/16,171.2
2008/9/17,173.78
2008/9/18,184.25
2008/9/19,184.75
2008/9/22,191.2
2008/9/23,194.15
2008/9/24,194.04
2008/9/25,195.67
2008/9/26,192.71
2008/10/6,182.75
2008/10/7,191
2008/10/8,196
2008/10/9,194.42
2008/10/10,202.29
2008/10/13,189.65
2008/10/14,185.81
2008/10/15,186.42
2008/10/16,183.9
2008/10/17,179.1
2008/10/20,177.92
2008/10/21,174.57
2008/10/22,168.26
2008/10/23,161.26
2008/10/24,158
2008/10/27,161.98
2008/10/28,165.7
2008/10/29,165.94
2008/10/30,170
2008/10/31,162.22
2008/11/3,163.6
2008/11/4,162.33
2008/11/5,167.24
2008/11/6,163.87
2008/11/7,163.8
2008/11/10,165.99
2008/11/11,165.04
2008/11/12,163.63
2008/11/13,158.37
2008/11/14,162.3
2008/11/17,164.69
2008/11/18,163
2008/11/19,163.78
2008/11/20,164.5
2008/11/21,166.9
2008/11/24,173.63
2008/11/25,178.69
2008/11/26,178.75
2008/11/27,178.61
2008/11/28,179.04
2008/12/1,178.09
2008/12/2,170.1
2008/12/3,173.1
2008/12/4,171.17
2008/12/5,172.16
2008/12/8,171.71
2008/12/9,172.31
2008/12/10,174.84
2008/12/11,180.39
2008/12/12,178.78
2008/12/15,181.89
2008/12/16,183.79
2008/12/17,185.7
2008/12/18,188.32
2008/12/19,186.9
2008/12/22,185.97
2008/12/23,186.86
2008/12/24,185.32
2008/12/25,186.68
2008/12/26,186.89
2008/12/29,194.41
2008/12/30,192.54
2008/12/31,190.5
2009/1/5,191.91
2009/1/6,187.17
2009/1/7,189.51
2009/1/8,187.23
2009/1/9,189.25
2009/1/12,187.83
2009/1/14,181.45
2009/1/15,180.22
2009/1/16,182.37
2009/1/19,185.22
2009/1/20,182.87
2009/1/21,187.42
2009/1/22,187.86
2009/1/23,188.43
2009/2/2,199.76
2009/2/3,198.06
2009/2/4,197.36
2009/2/5,198.89
2009/2/6,201.08
2009/2/9,198.82
2009/2/10,196.76
2009/2/11,200.85
2009/2/12,206.5
2009/2/13,206.69
2009/2/16,206.38
2009/2/17,210.95
2009/2/18,213.69
2009/2/19,214.45
2009/2/20,214.67
2009/2/23,216.62
2009/2/24,217.35
2009/2/25,210.3
2009/2/26,209.39
2009/2/27,207.5
2009/3/2,209.84
2009/3/3,203.16
2009/3/4,201.29
2009/3/5,201.49
2009/3/6,206.94
2009/3/9,205.2
2009/3/10,201.45
2009/3/11,197.68
2009/3/12,201.35
2009/3/13,203.24
2009/3/16,203.87
2009/3/17,202.2
2009/3/18,200.26
2009/3/19,204.65
2009/3/20,209.99
2009/3/23,210.18
2009/3/24,206.05
2009/3/25,203.55
2009/3/26,205.08
2009/3/27,204.71
2009/3/30,203.49
2009/3/31,202.12
2009/4/1,202
2009/4/2,202.88
2009/4/3,199.07
2009/4/7,193.43
2009/4/8,195.47
2009/4/9,193.84
2009/4/10,194.85
2009/4/13,195.51
2009/4/14,197.43
2009/4/15,195.66
2009/4/16,196.11
2009/4/17,192.27
2009/4/20,191.69
2009/4/21,195.84
2009/4/22,195.08
2009/4/23,196.1
2009/4/24,200.12
2009/4/27,200.4
2009/4/28,197.16
2009/4/29,196.82
2009/4/30,197.29
2009/5/4,196.58
2009/5/5,198.2
2009/5/6,198.14
2009/5/7,200.04
2009/5/8,200.41
2009/5/11,200.76
2009/5/12,200.5
2009/5/13,203
2009/5/14,202.35
2009/5/15,203.19
2009/5/18,204.4
2009/5/19,202.48
2009/5/20,203.72
2009/5/21,206.68
2009/5/22,208.83
2009/5/25,208.99
2009/5/26,208.9
2009/5/27,208.49
2009/6/1,215.73
2009/6/2,213.05
2009/6/3,216.4
2009/6/4,212.68
2009/6/5,215.5
2009/6/8,209.24
2009/6/9,209.57
2009/6/10,210.9
2009/6/11,209.54
2009/6/12,209.44
2009/6/15,205.59
2009/6/16,205.73
2009/6/17,206.15
2009/6/18,206.75
2009/6/19,205.59
2009/6/22,205.25
2009/6/23,202.37
2009/6/24,203.9
2009/6/25,205.39
2009/6/26,207.47
2009/6/29,206.5
2009/6/30,207
2009/7/1,204.49
2009/7/2,206.38
2009/7/3,205.34
2009/7/6,203.63
2009/7/7,202.85
2009/7/8,203.27
2009/7/9,200.58
2009/7/10,200.6
2009/7/13,200.32
2009/7/14,202.4
2009/7/15,203.89
2009/7/16,205.8
2009/7/17,205.79
2009/7/20,207.71
2009/7/21,208.25
2009/7/22,207.88
2009/7/23,209.45
2009/7/24,208.4
2009/7/27,210.19
2009/7/28,209.77
2009/7/29,205.6
2009/7/30,204.7
2009/7/31,205.8
2009/8/3,209.23
2009/8/4,209.79
2009/8/5,211.79
2009/8/6,211.8
2009/8/7,211.15
2009/8/10,210.07
2009/8/11,208.38
2009/8/12,207.55
2009/8/13,209.54
2009/8/14,210
2009/8/17,207.3
2009/8/18,206.6
2009/8/19,206
2009/8/20,207.58
2009/8/21,206.79
2009/8/24,209.55
2009/8/25,208.07
2009/8/26,208.43
2009/8/27,208
2009/8/28,208.68
2009/8/31,209.41
2009/9/1,209.79
2009/9/2,209.71
2009/9/3,214.74
2009/9/4,217.2
2009/9/7,218.07
2009/9/8,220.2
2009/9/9,219.35
2009/9/10,218.34
2009/9/11,219.73
2009/9/14,219.3
2009/9/15,219.29
2009/9/16,223.37
2009/9/17,223.9
2009/9/18,222.44
2009/9/21,219.9
2009/9/22,222
2009/9/23,222.61
2009/9/24,222.43
2009/9/25,218.45
2009/9/28,217.2
2009/9/29,217.98
2009/9/30,219.06
2009/10/9,229
2009/10/12,229.93
2009/10/13,231.12
2009/10/14,234.31
2009/10/15,232.16
2009/10/16,230.49
2009/10/19,231.46
2009/10/20,233.92
2009/10/21,232.42
2009/10/22,232.48
2009/10/23,232.87
2009/10/26,231.61
2009/10/27,228.8
2009/10/28,228.58
2009/10/29,226.69
2009/10/30,230.1
2009/11/2,229.76
2009/11/3,233.01
2009/11/4,237.79
2009/11/5,238.31
2009/11/6,239.42
2009/11/9,242.75
2009/11/10,241.38
2009/11/11,243.2
2009/11/12,245.99
2009/11/13,242.84
2009/11/16,247.99
2009/11/17,249.26
2009/11/18,250.2
2009/11/19,251.49
2009/11/20,251.59
2009/11/23,255.92
2009/11/24,255.39
2009/11/25,258.7
2009/11/26,260.69
2009/11/27,254.91
2009/11/30,257.89
2009/12/1,259.64
2009/12/2,265.76
2009/12/3,267.46
2009/12/4,265.48
2009/12/7,253.8
2009/12/8,254.83
2009/12/9,248.43
2009/12/10,248.17
2009/12/11,249.66
2009/12/14,247.45
2009/12/15,246.77
2009/12/16,247.4
2009/12/17,248.16
2009/12/18,242.72
2009/12/21,245.07
2009/12/22,240.6
2009/12/23,238.55
2009/12/24,242.63
2009/12/25,244
2009/12/28,244.38
2009/12/29,244.38
2009/12/30,240.6
2009/12/31,242.59
2010/1/4,242.6
2010/1/5,249
2010/1/6,246.6
2010/1/7,249.95
2010/1/8,247.64
2010/1/11,254.01
2010/1/12,254.7
2010/1/13,254.7
2010/1/14,251.6
2010/1/15,251.19
2010/1/18,250.95
2010/1/19,251.99
2010/1/20,250.7
2010/1/21,246.91
2010/1/22,243.37
2010/1/25,244
2010/1/26,242.7
2010/1/27,241.88
2010/1/28,239.83
2010/1/29,238.63
2010/2/1,238.73
2010/2/2,243.32
2010/2/3,246.22
2010/2/4,243.68
2010/2/5,234.51
2010/2/8,235.45
2010/2/9,235.95
2010/2/10,237.31
2010/2/11,237.26
2010/2/12,239.72
2010/2/22,246.51
2010/2/23,245
2010/2/24,242.16
2010/2/25,240.36
2010/2/26,243.62
2010/3/1,245.19
2010/3/2,244.9
2010/3/3,248.7
2010/3/4,248.86
2010/3/5,248.58
2010/3/8,249.64
2010/3/9,246.24
2010/3/10,246.62
2010/3/11,243.3
2010/3/12,244.6
2010/3/15,243.25
2010/3/16,244.59
2010/3/17,248.18
2010/3/18,246.48
2010/3/19,247.15
2010/3/22,243.93
2010/3/23,242.71
2010/3/24,243.29
2010/3/25,241.02
2010/3/26,242.39
2010/3/29,244.5
2010/3/30,244.6
2010/3/31,243.91
2010/4/1,245.36
2010/4/2,246.66
2010/4/6,247.55
2010/4/7,249.5
2010/4/8,251.42
2010/4/9,253.95
2010/4/12,255.76
2010/4/13,253.19
2010/4/14,253.6
2010/4/15,253.43
2010/4/16,253.33
2010/4/19,248.67
2010/4/20,250.29
2010/4/21,251.11
2010/4/22,252.13
2010/4/23,250.69
2010/4/26,254.18
2010/4/27,253.33
2010/4/28,255.14
2010/4/29,256.14
2010/4/30,257.19
2010/5/4,258.2
2010/5/5,256.74
2010/5/6,257.78
2010/5/7,263.57
2010/5/10,262.8
2010/5/11,265.2
2010/5/12,270.7
2010/5/13,271.8
2010/5/14,271.5
2010/5/17,271.5
2010/5/18,266.39
2010/5/19,266.45
2010/5/20,261.17
2010/5/21,259.03
2010/5/24,261.55
2010/5/25,261.3
2010/5/26,264.67
2010/5/27,266
2010/5/28,266.45
2010/5/31,266.08
2010/6/1,267.69
2010/6/2,268.63
2010/6/3,268.62
2010/6/4,264.68
2010/6/7,267.03
2010/6/8,272.48
2010/6/9,271.19
2010/6/10,269.47
2010/6/11,268.96
2010/6/17,271.04
2010/6/18,272.97
2010/6/21,275.96
2010/6/22,271.3
2010/6/23,272.21
2010/6/24,269.97
2010/6/25,272.19
2010/6/28,273.68
2010/6/29,269.8
2010/6/30,271.6
2010/7/1,270.59
2010/7/2,263.6
2010/7/5,264.34
2010/7/6,263.37
2010/7/7,259.92
2010/7/8,262.8
2010/7/9,261.3
2010/7/12,263.2
2010/7/13,262
2010/7/14,264.42
2010/7/15,263.74
2010/7/16,263.52
2010/7/19,260.12
2010/7/20,258.84
2010/7/21,259.9
2010/7/22,258.91
2010/7/23,261.49
2010/7/26,260.98
2010/7/27,259.2
2010/7/28,255.57
2010/7/29,255.48
2010/7/30,255.3
2010/8/2,258.1
2010/8/3,258.5
2010/8/4,260.5
2010/8/5,260.8
2010/8/6,261.3
2010/8/9,263.33
2010/8/10,261.66
2010/8/11,261.74
2010/8/12,262.41
2010/8/13,265.69
2010/8/16,266.73
2010/8/17,267.71
2010/8/18,266.8
2010/8/19,268.51
2010/8/20,268.69
2010/8/23,268.89
2010/8/24,267.27
2010/8/25,269.41
2010/8/26,271.7
2010/8/27,270.08
2010/8/30,270.51
2010/8/31,270.45
2010/9/1,273.74
2010/9/2,273.24
2010/9/3,273.69
2010/9/6,273.38
2010/9/7,273.2
2010/9/8,275.28
2010/9/9,274.09
2010/9/10,272.1
2010/9/13,272.09
2010/9/14,273.06
2010/9/15,275.97
2010/9/16,275.05
2010/9/17,277.5
2010/9/20,277.44
2010/9/21,276.29
2010/9/27,280.22
2010/9/28,277.79
2010/9/29,281.71
2010/9/30,282.35
2010/10/8,285.75
2010/10/11,289.67
2010/10/12,289.5
2010/10/13,291.48
2010/10/14,295.89
2010/10/15,294.93
2010/10/18,290.8
2010/10/19,292.31
2010/10/20,286.69
2010/10/21,287.3
2010/10/22,283.72
2010/10/25,288.63
2010/10/26,287.8
2010/10/27,286.82
2010/10/28,286.24
2010/10/29,288.75
2010/11/1,293.05
2010/11/2,292.1
2010/11/3,291.98
2010/11/4,292.02
2010/11/5,297.4
2010/11/8,298.5
2010/11/9,303.38
2010/11/10,300.02
2010/11/11,301.47
2010/11/12,298
2010/11/15,294.45
2010/11/16,292.6
2010/11/17,288.49
2010/11/18,291.74
2010/11/19,291.9
2010/11/22,293
2010/11/23,293.91
2010/11/24,296.19
2010/11/25,294.88
2010/11/26,294.05
2010/11/29,294.26
2010/11/30,294.71
2010/12/1,299.54
2010/12/2,299.6
2010/12/3,298.7
2010/12/6,303
2010/12/7,304
2010/12/8,298.73
2010/12/9,298.06
2010/12/10,298.8
2010/12/13,299.42
2010/12/14,301
2010/12/15,298.44
2010/12/16,297.68
2010/12/17,296.45
2010/12/20,298.97
2010/12/21,298.54
2010/12/22,298.52
2010/12/23,297.95
2010/12/24,298.17
2010/12/27,298.05
2010/12/28,299
2010/12/29,300.73
2010/12/30,301.49
2010/12/31,301.11
2011/1/4,301.7
2011/1/5,296.88
2011/1/6,296.42
2011/1/7,294.89
2011/1/10,296.74
2011/1/11,297.23
2011/1/12,297.15
2011/1/13,296.2
2011/1/14,294.5
2011/1/17,292.2
2011/1/18,293.22
2011/1/19,294.59
2011/1/20,292.2
2011/1/21,288.87
2011/1/24,288.79
2011/1/25,286.34
2011/1/26,287.19
2011/1/27,287
2011/1/28,282.5
2011/1/31,285.21
2011/2/1,285.65
2011/2/9,290.09
2011/2/10,289.65
2011/2/11,290.28
2011/2/14,289.89
2011/2/15,290.81
2011/2/16,292.86
2011/2/17,293.14
2011/2/18,294
2011/2/21,295.94
2011/2/22,296.41
2011/2/23,297.04
2011/2/24,299.07
2011/2/25,298.14
2011/2/28,299.51
2011/3/1,299.56
2011/3/2,301.9
2011/3/3,301.65
2011/3/4,299.47
2011/3/7,303.88
2011/3/8,301.7
2011/3/9,301.87
2011/3/10,302.68
2011/3/11,300.28
2011/3/14,302.25
2011/3/15,300.31
2011/3/16,297.7
2011/3/17,296.63
2011/3/18,299.85
2011/3/21,302.72
2011/3/22,302.59
2011/3/23,302.68
2011/3/24,303.69
2011/3/25,303.6
2011/3/28,300.38
2011/3/29,300.97
2011/3/30,301.49
2011/3/31,302.07
2011/4/1,302.49
2011/4/6,306.5
2011/4/7,306.5
2011/4/8,308.82
2011/4/11,310.39
2011/4/12,307.4
2011/4/13,307.81
2011/4/14,308.53
2011/4/15,310.2
2011/4/18,311.8
2011/4/19,313.49
2011/4/20,314.83
2011/4/21,315.66
2011/4/22,317.23
2011/4/25,318.5
2011/4/26,315.79
2011/4/27,315.55
2011/4/28,319.95
2011/4/29,319.88
2011/5/3,322.05
2011/5/4,321.11
2011/5/5,317.83
2011/5/6,310.95
2011/5/9,314.99
2011/5/10,315.81
2011/5/11,317.96
2011/5/12,312.86
2011/5/13,317.01
2011/5/16,313.94
2011/5/17,313.69
2011/5/18,313.37
2011/5/19,313.38
2011/5/20,313.89
2011/5/23,315.35
2011/5/24,317.98
2011/5/25,318.89
2011/5/26,319.39
2011/5/27,319.21
2011/5/30,320.18
2011/5/31,320.67
2011/6/1,319.32
2011/6/2,321.51
2011/6/3,319.49
2011/6/7,321.99
2011/6/8,320.89
2011/6/9,320.6
2011/6/10,321.45
2011/6/13,319.97
2011/6/14,317.9
2011/6/15,318.1
2011/6/16,318.92
2011/6/17,318.2
2011/6/20,320.57
2011/6/21,321.37
2011/6/22,321.59
2011/6/23,321.38
2011/6/24,317.41
2011/6/27,312.79
2011/6/28,313.14
2011/6/29,314.36
2011/6/30,314.32
2011/7/1,312.84
2011/7/4,311.93
2011/7/5,311.5
2011/7/6,316.18
2011/7/7,318.96
2011/7/8,318.79
2011/7/11,321.93
2011/7/12,322.1
2011/7/13,326.69
2011/7/14,329.07
2011/7/15,327.19
2011/7/18,331.42
2011/7/19,333.83
2011/7/20,330.38
2011/7/21,333.09
2011/7/22,329.5
2011/7/25,335.41
2011/7/26,334.42
2011/7/27,336.07
2011/7/28,334.79
2011/7/29,334.05
2011/8/1,333.91
2011/8/2,336.37
2011/8/3,345.86
2011/8/4,344.86
2011/8/5,344.98
2011/8/8,352.4
2011/8/9,360.69
2011/8/10,361.66
2011/8/11,367.71
2011/8/12,362.49
2011/8/15,359.71
2011/8/16,364.4
2011/8/17,367.8
2011/8/18,368.99
2011/8/19,380.98
2011/8/22,389.79
2011/8/23,387.8
2011/8/24,380.5
2011/8/25,360.32
2011/8/26,368.23
2011/8/29,374.77
2011/8/30,370.68
2011/8/31,377.57
2011/9/1,374.79
2011/9/2,380.14
2011/9/5,387.42
2011/9/6,392.86
2011/9/7,378.86
2011/9/8,379.97
2011/9/9,386.79
2011/9/13,376.99
2011/9/14,377.95
2011/9/15,374.53
2011/9/16,366
2011/9/19,377.1
2011/9/20,370.22
2011/9/21,374.02
2011/9/22,367.97
2011/9/23,361.3
2011/9/26,328.57
2011/9/27,341.83
2011/9/28,343.28
2011/9/29,335.79
2011/9/30,338.08
2011/10/10,342.38
2011/10/11,346
2011/10/12,346.11
2011/10/13,346.48
2011/10/14,345.59
2011/10/17,347.78
2011/10/18,343.44
2011/10/19,340.82
2011/10/20,334
2011/10/21,336.64
2011/10/24,341.31
2011/10/25,341.43
2011/10/26,351.91
2011/10/27,352.67
2011/10/28,356.28
2011/10/31,350.34
2011/11/1,350.99
2011/11/2,353
2011/11/3,353
2011/11/4,359.41
2011/11/7,361.17
2011/11/8,364.98
2011/11/9,364.76
2011/11/10,358.58
2011/11/11,360.96
2011/11/14,365.23
2011/11/15,362.13
2011/11/16,361.62
2011/11/17,360.82
2011/11/18,353.2
2011/11/21,352.55
2011/11/22,346.32
2011/11/23,349.65
2011/11/24,348.07
2011/11/25,345.48
2011/11/28,350.69
2011/11/29,351.95
2011/11/30,350.69
2011/12/1,356.93
2011/12/2,357.39
2011/12/5,357.45
2011/12/6,351.3
2011/12/7,354.54
2011/12/8,356.15
2011/12/9,350.77
2011/12/12,346.15
2011/12/13,339.1
2011/12/14,337.38
2011/12/15,322.17
2011/12/16,328.8
2011/12/19,327.39
2011/12/20,328.3
2011/12/21,333.04
2011/12/22,329.8
2011/12/23,329.94
2011/12/26,328.16
2011/12/27,326.3
2011/12/28,323.71
2011/12/29,315.52
2011/12/30,319.49
2012/1/4,328.03
2012/1/5,331.5
2012/1/6,331.74
2012/1/9,330.78
2012/1/10,331.79
2012/1/11,335.46
2012/1/12,336.9
2012/1/13,335.55
2012/1/16,335.39
2012/1/17,339
2012/1/18,338.26
2012/1/19,339.28
2012/1/20,338.81
2012/1/30,351.7
2012/1/31,354.09
2012/2/1,352.65
2012/2/2,355.01
2012/2/3,356.93
2012/2/6,351.75
2012/2/7,351.43
2012/2/8,355.09
2012/2/9,353.34
2012/2/10,351.69
2012/2/13,351.39
2012/2/14,348.28
2012/2/15,351.03
2012/2/16,349.6
2012/2/17,352.12
2012/2/20,351.9
2012/2/21,353.61
2012/2/22,356.5
2012/2/23,359.65
2012/2/24,359.71
2012/2/27,359.56
2012/2/28,359.54
2012/2/29,361.84
2012/3/1,347.79
2012/3/2,348.47
2012/3/5,347.73
2012/3/6,345.99
2012/3/7,340.99
2012/3/8,343.35
2012/3/9,346.69
2012/3/12,347.19
2012/3/13,347.11
2012/3/14,341.27
2012/3/15,336.98
2012/3/16,339.2
2012/3/19,338.76
2012/3/20,337.43
2012/3/21,337.57
2012/3/22,336.35
2012/3/23,336.19
2012/3/26,339.29
2012/3/27,343.76
2012/3/28,341.26
2012/3/29,338.18
2012/3/30,339.13
2012/4/5,331.3
2012/4/6,334.13
2012/4/9,335.46
2012/4/10,336.33
2012/4/11,338
2012/4/12,337.8
2012/4/13,340.84
2012/4/16,335.13
2012/4/17,335.45
2012/4/18,336.29
2012/4/19,334.67
2012/4/20,334.99
2012/4/23,333.3
2012/4/24,333.5
2012/4/25,334.51
2012/4/26,335.56
2012/4/27,336.16
2012/5/2,336.15
2012/5/3,334.5
2012/5/4,332.66
2012/5/7,333.44
2012/5/8,332.34
2012/5/9,324.6
2012/5/10,325.39
2012/5/11,322.15
2012/5/14,321.8
2012/5/15,318.26
2012/5/16,313.41
2012/5/17,316.66
2012/5/18,322.1
2012/5/21,326.15
2012/5/22,324.05
2012/5/23,318.8
2012/5/24,319.18
2012/5/25,320.99
2012/5/28,323.66
2012/5/29,323.52
2012/5/30,318.23
2012/5/31,321.67
2012/6/1,320.2
2012/6/4,332.46
2012/6/5,331.15
2012/6/6,333.47
2012/6/7,332.48
2012/6/8,322.62
2012/6/11,327.84
2012/6/12,326.49
2012/6/13,330.61
2012/6/14,332.1
2012/6/15,333.35
2012/6/18,331.1
2012/6/19,333.7
2012/6/20,331.18
2012/6/21,328.4
2012/6/25,323
2012/6/26,324.72
2012/6/27,322.18
2012/6/28,322.73
2012/6/29,322.25
2012/7/2,325.91
2012/7/3,328.96
2012/7/4,330.1
2012/7/5,330.87
2012/7/6,328.49
2012/7/9,325.58
2012/7/10,325.3
2012/7/11,324.61
2012/7/12,322.6
2012/7/13,323.86
2012/7/16,326.27
2012/7/17,327.1
2012/7/18,324.99
2012/7/19,325.3
2012/7/20,325.78
2012/7/23,323.88
2012/7/24,324.29
2012/7/25,326.2
2012/7/26,329.49
2012/7/27,331.61
2012/7/30,331.86
2012/7/31,332.23
2012/8/1,331.54
2012/8/2,329.31
2012/8/3,326.9
2012/8/6,329.7
2012/8/7,331.05
2012/8/8,329.3
2012/8/9,330.89
2012/8/10,329.91
2012/8/13,332.6
2012/8/14,331.18
2012/8/15,328.09
2012/8/16,329.06
2012/8/17,331.78
2012/8/20,331.67
2012/8/21,332.5
2012/8/22,335.79
2012/8/23,340.6
2012/8/24,340.22
2012/8/27,342.14
2012/8/28,340.09
2012/8/29,340.75
2012/8/30,339.22
2012/8/31,339.3
2012/9/3,345.01
2012/9/4,346.05
2012/9/5,345.95
2012/9/6,348.31
2012/9/7,345.85
2012/9/10,353.63
2012/9/11,353.09
2012/9/12,353.86
2012/9/13,352.5
2012/9/14,360.29
2012/9/17,359.93
2012/9/18,357.28
2012/9/19,360.69
2012/9/20,357.31
2012/9/21,359.63
2012/9/24,357.4
2012/9/25,358.46
2012/9/26,357.88
2012/9/27,356.22
2012/9/28,359.87
2012/10/8,358.02
2012/10/9,359.04
2012/10/10,357.7
2012/10/11,357.36
2012/10/12,357.16
2012/10/15,352.33
2012/10/16,351.51
2012/10/17,352.99
2012/10/18,351.8
2012/10/19,349.38
2012/10/22,347.4
2012/10/23,346.3
2012/10/24,344.54
2012/10/25,344.72
2012/10/26,342.33
2012/10/29,344.21
2012/10/30,344.29
2012/10/31,343.99
2012/11/1,345.54
2012/11/2,343.47
2012/11/5,337.99
2012/11/6,339.45
2012/11/7,346.99
2012/11/8,345.47
2012/11/9,348.39
2012/11/12,348.21
2012/11/13,345.94
2012/11/14,346.26
2012/11/15,345.51
2012/11/16,344.06
2012/11/19,346.15
2012/11/20,347.63
2012/11/21,345.43
2012/11/22,346.67
2012/11/23,346.75
2012/11/26,350.09
2012/11/27,349.85
2012/11/28,347.66
2012/11/29,344.17
2012/11/30,345.7
2012/12/3,344.1
2012/12/4,340.99
2012/12/5,341.28
2012/12/6,338.81
2012/12/7,341.17
2012/12/10,342.48
2012/12/11,343.69
2012/12/12,344.19
2012/12/13,341.35
2012/12/14,341.49
2012/12/17,339.35
2012/12/18,341.81
2012/12/19,336.55
2012/12/20,335.5
2012/12/21,330.45
2012/12/24,333.94
2012/12/25,333.26
2012/12/26,333.22
2012/12/27,333.04
2012/12/28,332.83
2012/12/31,334.38
2013/1/4,331
2013/1/7,333.09
2013/1/8,331.31
2013/1/9,333.76
2013/1/10,333.4
2013/1/11,335.64
2013/1/14,335.63
2013/1/15,337
2013/1/16,337.69
2013/1/17,337.11
2013/1/18,339.1
2013/1/21,339.09
2013/1/22,339.76
2013/1/23,339.52
2013/1/24,337
2013/1/25,335.94
2013/1/28,334.36
2013/1/29,335.13
2013/1/30,335.96
2013/1/31,336.78
2013/2/1,334.63
2013/2/4,336.48
2013/2/5,337.09
2013/2/6,336.8
2013/2/7,337.19
2013/2/8,336.41
2013/2/18,327.15
2013/2/19,326.55
2013/2/20,325.73
2013/2/21,318.8
2013/2/22,322.6
2013/2/25,321.14
2013/2/26,321.5
2013/2/27,325.01
2013/2/28,323.7
2013/3/1,320.33
2013/3/4,320
2013/3/5,320.39
2013/3/6,318.96
2013/3/7,318.91
2013/3/8,318.31
2013/3/11,319.19
2013/3/12,319.43
2013/3/13,321.1
2013/3/14,319.51
2013/3/15,320.13
2013/3/18,321.12
2013/3/19,321.76
2013/3/20,322.86
2013/3/21,322.1
2013/3/22,322.66
2013/3/25,322.02
2013/3/26,320.96
2013/3/27,319.25
2013/3/28,321.12
2013/3/29,320.07
2013/4/1,319.8
2013/4/2,320.07
2013/4/3,313.93
2013/4/8,316.5
2013/4/9,315.34
2013/4/10,316.8
2013/4/11,311.63
2013/4/12,311.5
2013/4/15,290.12
2013/4/16,274.89
2013/4/17,275.94
2013/4/18,275.1
2013/4/19,283.2
2013/4/22,286
2013/4/23,282
2013/4/24,285.4
2013/4/25,289.36
2013/4/26,294.89
2013/5/2,291.78
2013/5/3,295.03
2013/5/6,294.31
2013/5/7,291.29
2013/5/8,290.6
2013/5/9,293.35
2013/5/10,291.84
2013/5/13,286.33
2013/5/14,287.3
2013/5/15,283.15
2013/5/16,278.72
2013/5/17,276.8
2013/5/20,270.78
2013/5/21,279.61
2013/5/22,279
2013/5/23,276.91
2013/5/24,278.5
2013/5/27,279.43
2013/5/28,278.47
2013/5/29,277.8
2013/5/30,280.78
2013/5/31,281.63
2013/6/3,277.5
2013/6/4,279.61
2013/6/5,278.5
2013/6/6,277.44
2013/6/7,280.71
2013/6/13,277.31
2013/6/14,276.93
2013/6/17,277.12
2013/6/18,275.65
2013/6/19,274.1
2013/6/20,266.4
2013/6/21,261.77
2013/6/24,259.47
2013/6/25,258.96
2013/6/26,251.5
2013/6/27,249.79
2013/6/28,242.76
2013/7/1,252.98
2013/7/2,255.75
2013/7/3,250.8
2013/7/4,254.14
2013/7/5,251.13
2013/7/8,247.7
2013/7/9,253.22
2013/7/10,252.62
2013/7/11,259.02
2013/7/12,257.35
2013/7/15,259.35
2013/7/16,258.93
2013/7/17,259.18
2013/7/18,256.39
2013/7/19,259.13
2013/7/22,264.25
2013/7/23,267.2
2013/7/24,268.65
2013/7/25,264.5
2013/7/26,266.53
2013/7/29,264.43
2013/7/30,264.04
2013/7/31,265.76
2013/8/1,264.25
2013/8/2,257.97
2013/8/5,263.2
2013/8/6,259.3
2013/8/7,256.93
2013/8/8,258.7
2013/8/9,261.95
2013/8/12,266.33
2013/8/13,267.8
2013/8/14,264.55
2013/8/15,267.28
2013/8/16,271.71
2013/8/19,273.4
2013/8/20,270.48
2013/8/21,272
2013/8/22,271.72
2013/8/23,273.15
2013/8/26,277.5
2013/8/27,277.91
2013/8/28,282.3
2013/8/29,279.67
2013/8/30,277.45
2013/9/2,276.91
2013/9/3,276.35
2013/9/4,279.18
2013/9/5,275.43
2013/9/6,272.78
2013/9/9,275.85
2013/9/10,273.98
2013/9/11,272.3
2013/9/12,268.21
2013/9/13,263.35
2013/9/16,263.35
2013/9/17,261.81
2013/9/18,258.82
2013/9/23,263.24
2013/9/24,262.28
2013/9/25,262.36
2013/9/26,264.33
2013/9/27,262.89
2013/9/30,265.55
2013/10/8,263.06
2013/10/9,261.77
2013/10/10,259.63
2013/10/11,257.23
2013/10/14,254.54
2013/10/15,253.1
2013/10/16,254.98
2013/10/17,253.8
2013/10/18,259.8
2013/10/21,260.47
2013/10/22,259.41
2013/10/23,262.39
2013/10/24,262.41
2013/10/25,262.82
2013/10/28,264.1
2013/10/29,264.27
2013/10/30,263.87
2013/10/31,262.01
2013/11/1,260.6
2013/11/4,258.41
2013/11/5,258.6
2013/11/6,258.16
2013/11/7,258.88
2013/11/8,257.34
2013/11/11,253
2013/11/12,251.94
2013/11/13,250.48
2013/11/14,252.56
2013/11/15,252.82
2013/11/18,253.05
2013/11/19,250.67
2013/11/20,251
2013/11/21,245.8
2013/11/22,245.52
2013/11/25,243.35
2013/11/26,247.11
2013/11/27,245.65
2013/11/28,244.79
2013/11/29,244.56
2013/12/2,245.55
2013/12/3,241.9
2013/12/4,240.9
2013/12/5,243.73
2013/12/6,243.01
2013/12/9,243.16
2013/12/10,244.7
2013/12/11,246.73
2013/12/12,246.23
2013/12/13,241.69
2013/12/16,242.19
2013/12/17,244.9
2013/12/18,242.84
2013/12/19,240.79
2013/12/20,236.07
2013/12/23,238.43
2013/12/24,237.49
2013/12/25,238.78
2013/12/26,238.75
2013/12/27,240.82
2013/12/30,239.01
2013/12/31,237.31
2014/1/2,241.06
2014/1/3,242.74
2014/1/6,244.74
2014/1/7,245.05
2014/1/8,241.81
2014/1/9,241.94
2014/1/10,243.15
2014/1/13,246
2014/1/14,246.04
2014/1/15,243.98
2014/1/16,244.12
2014/1/17,244.44
2014/1/20,246.49
2014/1/21,245.72
2014/1/22,243.6
2014/1/23,243.15
2014/1/24,246.74
2014/1/27,247.76
2014/1/28,245.89
2014/1/29,245.8
2014/1/30,246.23
2014/2/7,247.8
2014/2/10,249.85
2014/2/11,251.2
2014/2/12,251.95
2014/2/13,252.09
2014/2/14,256.25
2014/2/17,259.74
2014/2/18,258
2014/2/19,258.23
2014/2/20,257.51
2014/2/21,259.03
2014/2/24,260.26
2014/2/25,261.9
2014/2/26,264.96
2014/2/27,261.39
2014/2/28,262.68
2014/3/3,266.19
2014/3/4,263.85
2014/3/5,262.97
2014/3/6,262.81
2014/3/7,265.11
2014/3/10,262.3
2014/3/11,264.53
2014/3/12,267.4
2014/3/13,269.86
2014/3/14,269.47
2014/3/17,272.91
2014/3/18,269.11
2014/3/19,268.19
2014/3/20,265.69
2014/3/21,265.48
2014/3/24,263.72
2014/3/25,261
2014/3/26,261.69
2014/3/27,258.86
2014/3/28,258.2
2014/3/31,257.77
2014/4/1,256.3
2014/4/2,256.19
2014/4/3,257.14
2014/4/4,257.05
2014/4/8,261
2014/4/9,261.02
2014/4/10,262.8
2014/4/11,262.38
2014/4/14,264.81
2014/4/15,261.88
2014/4/16,259.89
2014/4/17,259.37
2014/4/18,259.16
2014/4/21,257.7
2014/4/22,258.46
2014/4/23,257.85
2014/4/24,257.77
2014/4/25,259.62
2014/4/28,261.95
2014/4/29,260
2014/4/30,260.24
2014/5/5,262.79
2014/5/6,263.02
2014/5/7,262.72
2014/5/8,259
2014/5/9,258.97
2014/5/12,259.1
2014/5/13,259.53
2014/5/14,260.02
2014/5/15,260.74
2014/5/16,259.7
2014/5/19,260.56
2014/5/20,259.36
2014/5/21,259.8
2014/5/22,259.89
2014/5/23,259.9
2014/5/26,259.55
2014/5/27,257.99
2014/5/28,254.64
2014/5/29,252
2014/5/30,252.8
2014/6/3,250.51
2014/6/4,250.82
2014/6/5,250.45
2014/6/6,252.68
2014/6/9,251.94
2014/6/10,251.55
2014/6/11,252.6
2014/6/12,252.11
2014/6/13,254.06
2014/6/16,256.33
2014/6/17,253.46
2014/6/18,253.99
2014/6/19,256
2014/6/20,262.71
2014/6/23,263.5
2014/6/24,263.37
2014/6/25,264.48
2014/6/26,262.79
2014/6/27,263.18
2014/6/30,261.99
2014/7/1,264.01
2014/7/2,264.4
2014/7/3,263.68
2014/7/4,263.9
2014/7/7,261.79
2014/7/8,262.73
2014/7/9,263.55
2014/7/10,264.8
2014/7/11,266.84
2014/7/14,263.05
2014/7/15,261.26
2014/7/16,258.88
2014/7/17,260.29
2014/7/18,261.73
2014/7/21,262.16
2014/7/22,260.82
2014/7/23,260.88
2014/7/24,258.58
2014/7/25,257.65
2014/7/28,259.77
2014/7/29,259.84
2014/7/30,258.39
2014/7/31,257.51
2014/8/1,255.69
2014/8/4,257.41
2014/8/5,256.83
2014/8/6,256.25
2014/8/7,258.49
2014/8/8,261.04
2014/8/11,259.04
2014/8/12,259.5
2014/8/13,259.47
2014/8/14,260.26
2014/8/15,259.8
2014/8/18,257.44
2014/8/19,256.89
2014/8/20,256.33
2014/8/21,253.67
2014/8/22,253.75
2014/8/25,253.14
2014/8/26,255.57
2014/8/27,254.68
2014/8/28,254.9
2014/8/29,254.92
2014/9/1,254.69
2014/9/2,252.48
2014/9/3,250.85
2014/9/4,250.99
2014/9/5,250.1
2014/9/9,247.88
2014/9/10,247.98
2014/9/11,246.98
2014/9/15,244.44
2014/9/16,245.18
2014/9/17,244.96
2014/9/18,242.27
2014/9/19,242.07
2014/9/23,240.8
2014/9/24,242.34
2014/9/25,239.26
2014/9/26,242.61
2014/9/29,240.82
2014/9/30,241.22
2014/10/8,240.89
2014/10/9,242.4
2014/10/10,241.61
2014/10/13,243.25
2014/10/14,243.47
2014/10/15,242.06
2014/10/16,244.37
2014/10/17,244.6
2014/10/20,244.64
2014/10/21,246.5
2014/10/22,245.62
2014/10/23,244.62
2014/10/24,242.55
2014/10/27,242.1
2014/10/28,241.78
2014/10/29,241.87
2014/10/30,237.05
2014/10/31,230.03
2014/11/3,230.67
2014/11/4,229.29
2014/11/5,225.68
2014/11/6,224.99
2014/11/7,225.02
2014/11/10,230.79
2014/11/11,227.29
2014/11/12,230.34
2014/11/13,228.6
2014/11/14,227.35
2014/11/17,234.25
2014/11/18,234.05
2014/11/19,235.21
2014/11/20,233.5
2014/11/21,235.5
2014/11/24,236.9
2014/11/25,236.79
2014/11/26,237.04
2014/11/27,236.15
2014/11/28,235.1
2014/12/1,228.51
2014/12/2,238.7
2014/12/3,237.61
2014/12/4,238.23
2014/12/5,238.96
2014/12/8,236.97
2014/12/9,240.18
2014/12/10,245.84
2014/12/11,243.03
2014/12/12,243.03
2014/12/15,242.83
2014/12/16,238.9
2014/12/17,238.95
2014/12/18,239.9
2014/12/19,240.51
2014/12/22,240.2
2014/12/23,236.72
2014/12/24,236.39
2014/12/25,236.4
2014/12/26,237.63
2014/12/29,239.76
2014/12/30,237.54
2014/12/31,240
2015/1/5,240.37
2015/1/6,242.36
2015/1/7,243
2015/1/8,242.35
2015/1/9,242.67
2015/1/12,245.7
2015/1/13,247.23
2015/1/14,246.12
2015/1/15,245.18
2015/1/16,251.65
2015/1/19,255.66
2015/1/20,255.83
2015/1/21,260.14
2015/1/22,257.09
2015/1/23,259.52
2015/1/26,260.16
2015/1/27,257.91
2015/1/28,258.98
2015/1/29,257.28
2015/1/30,253.76
2015/2/2,257.32
2015/2/3,257.97
2015/2/4,254.42
2015/2/5,255.49
2015/2/6,254.83
2015/2/9,249.54
2015/2/10,250.11
2015/2/11,248.63
2015/2/12,245.83
2015/2/13,247.69
2015/2/16,248.51
2015/2/17,247.35
2015/2/25,244.45
2015/2/26,244.35
2015/2/27,244.69
2015/3/2,246.9
2015/3/3,244.85
2015/3/4,243.8
2015/3/5,242.66
2015/3/6,241.96
2015/3/9,237.04
2015/3/10,234.96
2015/3/11,235.02
2015/3/12,235.28
2015/3/13,234.25
2015/3/16,234.57
2015/3/17,233.06
2015/3/18,230.83
2015/3/19,234.35
2015/3/20,234.39
2015/3/23,236.74
2015/3/24,237.7
2015/3/25,238.01
2015/3/26,240.76
2015/3/27,240.45
2015/3/30,237.75
2015/3/31,235.62
2015/4/1,236.48
2015/4/2,240.3
2015/4/3,239.65
2015/4/7,241.3
2015/4/8,241.62
2015/4/9,238.54
2015/4/10,238.78
2015/4/13,241.1
2015/4/14,238.89
2015/4/15,238.11
2015/4/16,240.29
2015/4/17,239.98
2015/4/20,241.11
2015/4/21,238.48
2015/4/22,239.67
2015/4/23,236.94
2015/4/24,238.44
2015/4/27,236.37
2015/4/28,240.04
2015/4/29,241.24
2015/4/30,239.85
2015/5/4,236.79
2015/5/5,237.54
2015/5/6,238.39
2015/5/7,236.77
2015/5/8,237.35
2015/5/11,237.02
2015/5/12,236.74
2015/5/13,238.68
2015/5/14,242.53
2015/5/15,243.47
2015/5/18,245.14
2015/5/19,243.11
2015/5/20,241
2015/5/21,241.64
2015/5/22,241.59
2015/5/25,240.5
2015/5/26,239.03
2015/5/27,237.46
2015/5/28,237.19
2015/5/29,237.5
2015/6/1,236.65
2015/6/2,237.21
2015/6/3,237.19
2015/6/4,235.9
2015/6/5,234.9
2015/6/8,234.5
2015/6/9,234.97
2015/6/10,236.63
2015/6/11,236.39
2015/6/12,236.34
2015/6/15,236.27
2015/6/16,236.71
2015/6/17,235.58
2015/6/18,237.18
2015/6/19,238.89
2015/6/23,236.85
2015/6/24,234.71
2015/6/25,235.02
2015/6/26,234.54
2015/6/29,235.54
2015/6/30,234.72
2015/7/1,233.93
2015/7/2,232.6
2015/7/3,233.38
2015/7/6,233.28
2015/7/7,233.58
2015/7/8,229.2
2015/7/9,232.48
2015/7/10,232.37
2015/7/13,231.19
2015/7/14,230.77
2015/7/15,230.94
2015/7/16,229.36
2015/7/17,228.98
2015/7/20,223.18
2015/7/21,221.29
2015/7/22,218.6
2015/7/23,219.45
2015/7/24,216.89
2015/7/27,221.05
2015/7/28,219.29
2015/7/29,219.48
2015/7/30,217.21
2015/7/31,216.61
2015/8/3,219.1
2015/8/4,217.62
2015/8/5,217.42
2015/8/6,217.27
2015/8/7,218.95
2015/8/10,219.67
2015/8/11,224.62
2015/8/12,231.82
2015/8/13,231.3
2015/8/14,230.3
2015/8/17,230.34
2015/8/18,230.78
2015/8/19,231.47
2015/8/20,234.46
2015/8/21,237.92
2015/8/24,238.6
2015/8/25,237.04
2015/8/26,235.31
2015/8/27,232.79
2015/8/28,233.16
2015/8/31,233.34
2015/9/1,234.7
2015/9/2,234.7
2015/9/7,230.67
2015/9/8,230.47
2015/9/9,231.03
2015/9/10,227.9
2015/9/11,228.01
2015/9/14,227.71
2015/9/15,227.77
2015/9/16,227.99
2015/9/17,230.31
2015/9/18,231.87
2015/9/21,233.91
2015/9/22,233.48
2015/9/23,232.63
2015/9/24,233.9
2015/9/25,235.26
2015/9/28,233.5
2015/9/29,230.66
2015/9/30,229.88
2015/10/8,234.15
2015/10/9,234.66
2015/10/12,237.24
2015/10/13,236.07
2015/10/14,239.72
2015/10/15,241.36
2015/10/16,240.26
2015/10/19,239.25
2015/10/20,239.79
2015/10/21,239.87
2015/10/22,238.79
2015/10/23,240.22
2015/10/26,238.05
2015/10/27,238.36
2015/10/28,239.69
2015/10/29,237.1
2015/10/30,233.84
2015/11/2,233.11
2015/11/3,232.13
2015/11/4,228.65
2015/11/5,226.91
2015/11/6,227.37
2015/11/9,224.07
2015/11/10,223.99
2015/11/11,224.24
2015/11/12,223.34
2015/11/13,223.15
2015/11/16,225.48
2015/11/17,221.92
2015/11/18,220.65
2015/11/19,221.38
2015/11/20,223.07
2015/11/23,220.86
2015/11/24,221.32
2015/11/25,222.58
2015/11/26,221.31
2015/11/27,220.63
2015/11/30,217.71
2015/12/1,221.52
2015/12/2,220.33
2015/12/3,217.5
2015/12/4,218.9
2015/12/7,224.48
2015/12/8,222.23
2015/12/9,223.2
2015/12/10,222.88
2015/12/11,222.96
2015/12/14,223.7
2015/12/15,221.8
2015/12/16,222.18
2015/12/17,223.12
2015/12/18,221.31
2015/12/21,223.64
2015/12/22,224.98
2015/12/23,224.39
2015/12/24,224.6
2015/12/25,224.9
2015/12/28,224.53
2015/12/29,224.74
2015/12/30,224.3
2015/12/31,222.99
2016/1/4,224.62
2016/1/5,226.56
2016/1/6,228.14
2016/1/7,233.1
2016/1/8,233.37
2016/1/11,234.75
2016/1/12,232.35
2016/1/13,229.22
2016/1/14,231.47
2016/1/15,230.35
2016/1/18,231.41
2016/1/19,231.2
2016/1/20,232.01
2016/1/21,234
2016/1/22,232.5
2016/1/25,233.62
2016/1/26,236.64
2016/1/27,237.11
2016/1/28,236.85
2016/1/29,236.2
2016/2/1,237.9
2016/2/2,238.35
2016/2/3,239
2016/2/4,241.8
2016/2/5,243.91
2016/2/15,253.42
2016/2/16,251.19
2016/2/17,253.7
2016/2/18,253.07
2016/2/19,256.6
2016/2/22,254.6
2016/2/23,255.82
2016/2/24,256.6
2016/2/25,260.31
2016/2/26,260.42
2016/2/29,258.81
2016/3/1,261.2
2016/3/2,258.73
2016/3/3,261.09
2016/3/4,264.6
2016/3/7,264.8
2016/3/8,266.04
2016/3/9,263.67
2016/3/10,261.28
2016/3/11,265.1
2016/3/14,262.06
2016/3/15,257.3
2016/3/16,258.93
2016/3/17,263.55
2016/3/18,262.6
2016/3/21,259.4
2016/3/22,261.9
2016/3/23,258.03
2016/3/24,254.88
2016/3/25,255.82
2016/3/28,255.2
2016/3/29,254.69
2016/3/30,258.53
2016/3/31,256.1
2016/4/1,256.99
2016/4/5,255.25
2016/4/6,255.8
2016/4/7,255.6
2016/4/8,257.13
2016/4/11,260.75
2016/4/12,261.39
2016/4/13,259.81
2016/4/14,257.44
2016/4/15,256.86
2016/4/18,257.67
2016/4/19,259.41
2016/4/20,259.85
2016/4/21,262.65
2016/4/22,260.25
2016/4/25,258.47
2016/4/26,258.21
2016/4/27,260.58
2016/4/28,261.75
2016/4/29,266.04
2016/5/3,270.37
2016/5/4,268.18
2016/5/5,267.72
2016/5/6,268.07
2016/5/9,267.9
2016/5/10,265.98
2016/5/11,266.7
2016/5/12,266.29
2016/5/13,267.29
2016/5/16,269.21
2016/5/17,267.52
2016/5/18,267.7
2016/5/19,264.07
2016/5/20,264.23
2016/5/23,263.72
2016/5/24,262.12
2016/5/25,258.24
2016/5/26,259.63
2016/5/27,257.95
2016/5/30,255.09
2016/5/31,256.99
2016/6/1,258.13
2016/6/2,257.65
2016/6/3,257.3
2016/6/6,262.3
2016/6/7,262.97
2016/6/8,265.09
2016/6/13,271.62
2016/6/14,271.34
2016/6/15,272.68
2016/6/16,277.31
2016/6/17,272.21
2016/6/20,272.02
2016/6/21,271.5
2016/6/22,268.17
2016/6/23,268.66
2016/6/24,280.6
2016/6/27,282.57
2016/6/28,281.43
2016/6/29,282.81
2016/6/30,281.72
2016/7/1,285.87
2016/7/4,289.24
2016/7/5,288.45
2016/7/6,293.88
2016/7/7,293.91
2016/7/8,291.19
2016/7/11,293
2016/7/12,292.09
2016/7/13,288.9
2016/7/14,287.21
2016/7/15,286.7
2016/7/18,286.17
2016/7/19,286.79
2016/7/20,285.71
2016/7/21,283.06
2016/7/22,284.65
2016/7/25,283.13
2016/7/26,283.73
2016/7/27,283.4
2016/7/28,287.62
2016/7/29,285.74
2016/8/1,288.09
2016/8/2,290.24
2016/8/3,291.07
2016/8/4,288.6
2016/8/5,291.81
2016/8/8,285.99
2016/8/9,285.64
2016/8/10,289.29
2016/8/11,287.55
2016/8/12,286.69
2016/8/15,287.11
2016/8/16,287.98
2016/8/17,286.68
2016/8/18,288.43
2016/8/19,288.32
2016/8/22,286.21
2016/8/23,286.89
2016/8/24,286.64
2016/8/25,284.69
2016/8/26,284.61
2016/8/29,283.45
2016/8/30,283.87
2016/8/31,282.63
2016/9/1,281.4
2016/9/2,282.35
2016/9/5,285.16
2016/9/6,285.85
2016/9/7,289.29
2016/9/8,289.08
2016/9/9,287.56
2016/9/12,286.18
2016/9/13,285.8
2016/9/14,284.58
2016/9/19,283.49
2016/9/20,283.39
2016/9/21,284.13
2016/9/22,286.59
2016/9/23,286.83
2016/9/26,287.01
2016/9/27,287.25
2016/9/28,284.45
2016/9/29,284.38
2016/9/30,284.79
2016/10/10,272.92
2016/10/11,273.08
2016/10/12,272.59
2016/10/13,273.28
2016/10/14,272.69
2016/10/17,272.81
2016/10/18,274.49
2016/10/19,274.45
2016/10/20,276.13
2016/10/21,275.34
2016/10/24,276.38
2016/10/25,276.95
2016/10/26,278.5
2016/10/27,277.47
2016/10/28,277.38
2016/10/31,278.81
2016/11/1,279.77
2016/11/2,282.16
2016/11/3,283.52
2016/11/4,282.61
2016/11/7,281.39
2016/11/8,280.65
2016/11/9,287.99
2016/11/10,282.47
2016/11/11,278.07
2016/11/14,271.44
2016/11/15,273
2016/11/16,273.46
2016/11/17,273.07
2016/11/18,270.48
2016/11/21,272.39
2016/11/22,272.8
2016/11/23,272.8
2016/11/24,270.12
2016/11/25,268.96
2016/11/28,270.55
2016/11/29,268.65
2016/11/30,267.58
2016/12/1,265.35
2016/12/2,264.97
2016/12/5,264.99
2016/12/6,264.58
2016/12/7,264.61
2016/12/8,266.29
2016/12/9,265.83
2016/12/12,264.28
2016/12/13,264.98
2016/12/14,265.49
2016/12/15,263.15
2016/12/16,261.77
2016/12/23,259.88
2016/12/26,260.83
2016/12/27,261.17
2016/12/28,261.72
