2012-06-01,
2012-06-04,-0.028093429548
2012-06-05,-7.42468826079e-05
2012-06-06,-0.000562754998359
2012-06-07,-0.0059513568468
2012-06-08,-0.00702153270028
2012-06-11,0.0134411903357
2012-06-12,-0.00706730355789
2012-06-13,0.015928005102
2012-06-14,-0.00783526567053
2012-06-15,0.00297997984706
2012-06-18,0.0051245108156
2012-06-19,-0.00875170946959
2012-06-20,-0.00234892246602
2012-06-21,-0.0158347730362
2012-06-25,-0.0221599480931
2012-06-26,-0.000651327894745
2012-06-27,-0.00314470532645
2012-06-28,-0.00877329192547
2012-06-29,0.0147914236127
2012-07-02,0.00147464464314
2012-07-03,0.0014116272655
2012-07-04,-0.00153925921125
2012-07-05,-0.014016682083
2012-07-06,0.0173800697013
2012-07-09,-0.0228786585834
2012-07-10,-0.00386169103161
2012-07-11,0.00783642399791
2012-07-12,0.00973379453077
2012-07-13,0.000592034885145
2012-07-16,-0.0207701693034
2012-07-17,0.00602984502423
2012-07-18,5.38480656118e-05
2012-07-19,0.00413779392212
2012-07-20,-0.0106669086589
2012-07-23,-0.0137713366077
2012-07-24,0.00446430458733
2012-07-25,-0.0066961561286
2012-07-26,-0.00533456493
2012-07-27,0.000690098786363
2012-07-30,-0.00567023255616
2012-07-31,-0.00122870634775
2012-08-01,0.0110290965828
2012-08-02,-0.0100777987408
2012-08-03,0.00807750291236
2012-08-06,0.013540153118
2012-08-07,0.00136652680027
2012-08-08,0.000385119324199
2012-08-09,0.00916816958812
2012-08-10,-0.0049550109881
2012-08-13,-0.0199270757371
2012-08-14,0.00216418005638
2012-08-15,-0.010780561896
2012-08-16,-0.00512092502605
2012-08-17,-0.00266848301698
2012-08-20,-0.00505299375832
2012-08-21,0.00517423396574
2012-08-22,-0.00782728962268
2012-08-23,0.00287943404528
2012-08-24,-0.0115194162106
2012-08-27,-0.0208640933699
2012-08-28,0.00458217395207
2012-08-29,-0.0105431980736
2012-08-30,-0.001553180634
2012-08-31,-0.0029393543369
2012-09-03,0.0106582247479
2012-09-04,-0.0107522538896
2012-09-05,-0.00205497162506
2012-09-06,0.0081549902722
2012-09-07,0.0448007502863
2012-09-10,0.00409549538663
2012-09-11,-0.00635242642919
2012-09-12,0.00353823062516
2012-09-13,-0.00931437413526
2012-09-14,0.00743106253753
2012-09-17,-0.0245428712093
2012-09-18,-0.0103908868336
2012-09-19,0.00492117177574
2012-09-20,-0.0223885248237
2012-09-21,0.00141624353924
2012-09-24,0.00748501632516
2012-09-25,-0.0024238102116
2012-09-26,-0.0114290885234
2012-09-27,0.0305873522237
2012-09-28,0.018381503917
2012-10-08,-0.0100562118695
2012-10-09,0.0220744036475
2012-10-10,0.00170677884284
2012-10-11,-0.00928953754539
2012-10-12,0.00086860974667
2012-10-15,-0.00419608336624
2012-10-16,0.00143799621763
2012-10-17,0.00114874508302
2012-10-18,0.0153337969402
2012-10-19,-0.00154532379028
2012-10-22,0.00391001813528
2012-10-23,-0.0126025478414
2012-10-24,-0.00185979723885
2012-10-25,-0.00716706098502
2012-10-26,-0.0189111572773
2012-10-29,-0.00536498347354
2012-10-30,0.00180244649686
2012-10-31,0.00667000017858
2012-11-01,0.0190968680427
2012-11-02,0.00386878340035
2012-11-05,-0.00211984723228
2012-11-06,-0.00420091403548
2012-11-07,-0.0020547855563
2012-11-08,-0.0184
2012-11-09,-0.00199963481057
2012-11-12,0.00487746104279
2012-11-13,-0.0175011657082
2012-11-14,0.00482272965595
2012-11-15,-0.0132652005524
2012-11-16,-0.00746710916202
2012-11-19,-0.00103341845639
2012-11-20,-0.00464829723355
2012-11-21,0.013866819408
2012-11-22,-0.00790468814069
2012-11-23,0.00694817570205
2012-11-26,-0.00778955433533
2012-11-27,-0.011472697187
2012-11-28,-0.00998772458431
2012-11-29,-0.0063311352834
2012-11-30,0.0113344173032
2012-12-03,-0.0143994840302
2012-12-04,0.0107262251938
2012-12-05,0.0358484989233
2012-12-06,-0.00193851115097
2012-12-07,0.0195861317844
2012-12-10,0.0108111235735
2012-12-11,-0.00552607824575
2012-12-12,0.00410449413327
2012-12-13,-0.0110813706857
2012-12-14,0.0504851425106
2012-12-17,0.00460129209715
2012-12-18,0.000599991549415
2012-12-19,0.00126260493556
2012-12-20,0.00578210205347
2012-12-21,-0.00537566776528
2012-12-24,0.00388701517707
2012-12-25,0.028212428923
2012-12-26,0.00376572455481
2012-12-27,-0.00530187742613
2012-12-28,0.0145054998998
2012-12-31,0.017298038346
2013-01-04,0.000578687647397
2013-01-07,0.0045872104769
2013-01-08,-0.00420348660681
2013-01-09,0.000316790280874
2013-01-10,0.00175762925899
2013-01-11,-0.0187072477742
2013-01-14,0.0380552747832
2013-01-15,0.00703332001412
2013-01-16,-0.00723074433906
2013-01-17,-0.00944088099368
2013-01-18,0.0167191588712
2013-01-21,0.00595660080757
2013-01-22,-0.00536213566203
2013-01-23,0.00406638684585
2013-01-24,-0.00947665544246
2013-01-25,-0.00429000096796
2013-01-28,0.0311820723499
2013-01-29,0.00905402245971
2013-01-30,0.00479843938607
2013-01-31,-0.000680623793566
2013-02-01,0.0210057762163
2013-02-04,0.0017168977735
2013-02-05,0.00860616514376
2013-02-06,0.00150089476419
2013-02-07,-0.0057532134417
2013-02-08,0.00429730385852
2013-02-18,-0.0123605113052
2013-02-19,-0.0189444998484
2013-02-20,0.0063412036744
2013-02-21,-0.0340740905189
2013-02-22,-0.00534370151884
2013-02-25,0.00321959485481
2013-02-26,-0.014345709723
2013-02-27,0.010550749925
2013-02-28,0.0303120230626
2013-03-01,-0.0016795532164
2013-03-04,-0.0461324020923
2013-03-05,0.0302821991421
2013-03-06,0.0104429981585
2013-03-07,-0.0115915779941
2013-03-08,-0.00479102722678
2013-03-11,-0.00558511352434
2013-03-12,-0.0141800746035
2013-03-13,-0.0110032438439
2013-03-14,0.00268250319487
2013-03-15,0.00220970930485
2013-03-18,-0.0147172886801
2013-03-19,0.00903500113887
2013-03-20,0.0336897548612
2013-03-21,0.00184662301689
2013-03-22,0.00126960332544
2013-03-25,-0.00198983313664
2013-03-26,-0.0145612490911
2013-03-27,0.00329313993903
2013-03-28,-0.0326026792799
2013-03-29,-0.00168847277238
2013-04-01,-0.00075749074178
2013-04-02,-0.00272742951801
2013-04-03,-0.00114221823608
2013-04-08,-0.0045298061243
2013-04-09,0.00692877078025
2013-04-10,-0.00165499732871
2013-04-11,-0.00298956669389
2013-04-12,-0.00636431142751
2013-04-15,-0.0102716775449
2013-04-16,0.00934414523847
2013-04-17,-0.000455360446253
2013-04-18,0.00259510996677
2013-04-19,0.0279854757896
2013-04-22,-0.00124712391913
2013-04-23,-0.0320863644806
2013-04-24,0.0188244803978
2013-04-25,-0.0110996241355
2013-04-26,-0.00833508922638
2013-05-02,0.000952065737483
2013-05-03,0.0176638199899
2013-05-06,0.013265621302
2013-05-07,0.00156770837457
2013-05-08,0.00508312450098
2013-05-09,-0.00590294163914
2013-05-10,0.00516261240056
2013-05-13,-0.00396325624597
2013-05-14,-0.0147899651094
2013-05-15,0.00545052018577
2013-05-16,0.0182613794561
2013-05-17,0.0154110729382
2013-05-20,0.00677456067591
2013-05-21,0.00200796287568
2013-05-22,0.00121613094441
2013-05-23,-0.0134375847488
2013-05-24,0.00556749327294
2013-05-27,0.000908660380482
2013-05-28,0.0172219465377
2013-05-29,-0.000680694005355
2013-05-30,-0.00311818842335
2013-05-31,-0.0105871724012
2013-06-03,-0.00146176954685
2013-06-04,-0.01419723202
2013-06-05,-0.00199947771927
2013-06-06,-0.0127707436713
2013-06-07,0.000597347933413
2013-06-13,-0.0511633423607
2013-06-14,-0.000179171145945
2013-06-17,0.00180453509258
2013-06-18,0.00620257587859
2013-06-19,-0.00743772609819
2013-06-20,-0.0330270414369
2013-06-21,-0.0017575070968
2013-06-24,-0.063079585223
2013-06-25,-0.00266671579442
2013-06-26,-0.00320953902707
2013-06-27,0.00105167085945
2013-06-28,0.0184658959431
2013-07-01,0.00576196015705
2013-07-02,0.00391267417274
2013-07-03,-0.00816839035455
2013-07-04,0.00823566246035
2013-07-05,0.00219173889954
2013-07-08,-0.0283943687271
2013-07-09,-0.000439078951017
2013-07-10,0.0283862077894
2013-07-11,0.0461453378056
2013-07-12,-0.0220570853874
2013-07-15,0.0140328825642
2013-07-16,0.00457244398214
2013-07-17,-0.01510451496
2013-07-18,-0.0164312873438
2013-07-19,-0.0244284804461
2013-07-22,0.00534586026807
2013-07-23,0.0289030465128
2013-07-24,-0.00736592168909
2013-07-25,-0.00509970433275
2013-07-26,-0.00610900575596
2013-07-29,-0.0216006222994
2013-07-30,0.00616736443977
2013-07-31,0.00165799606283
2013-08-01,0.0238666314033
2013-08-02,0.000846189475184
2013-08-05,0.0138257255502
2013-08-06,0.00671983426457
2013-08-07,-0.00567656650564
2013-08-08,-0.00168375266375
2013-08-09,0.00405397095899
2013-08-12,0.0292124706366
2013-08-13,0.00266917149427
2013-08-14,-0.00423471961409
2013-08-15,-0.0117067107123
2013-08-16,-0.0075121253629
2013-08-19,0.0118438983742
2013-08-20,-0.00813234795812
2013-08-21,-0.00167785960467
2013-08-22,-0.00201854811812
2013-08-23,-0.00737869640137
2013-08-26,0.0212905510881
2013-08-27,0.00225207867718
2013-08-28,-0.00547657291275
2013-08-29,-0.00418803639081
2013-08-30,-0.00189793427109
2013-09-02,0.0027788461954
2013-09-03,0.0147219803994
2013-09-04,-0.00161393077086
2013-09-05,-0.00381163057813
2013-09-06,0.00684960755677
2013-09-09,0.0351305041183
2013-09-10,0.0140456689106
2013-09-11,0.00323246689752
2013-09-12,0.00989572635115
2013-09-13,-0.00740191269253
2013-09-16,-0.00422274900558
2013-09-17,-0.0206061192952
2013-09-18,0.00213816060511
2013-09-23,0.0163534785057
2013-09-24,-0.011487325516
2013-09-25,-0.00608047007026
2013-09-26,-0.0183571219787
2013-09-27,0.00441613125094
2013-09-30,0.00587481262813
2013-10-08,0.0136029289676
2013-10-09,0.00482019485546
2013-10-10,-0.00988759282355
2013-10-11,0.0161320863452
2013-10-14,0.00163256377329
2013-10-15,-0.00203030082425
2013-10-16,-0.0187029892362
2013-10-17,-0.00332043429959
2013-10-18,0.00527072551205
2013-10-21,0.0186599616661
2013-10-22,-0.010290047424
2013-10-23,-0.011202466178
2013-10-24,-0.00743439088026
2013-10-25,-0.0133096716948
2013-10-28,-0.00110193535313
2013-10-29,0.00257824552505
2013-10-30,0.014932231614
2013-10-31,-0.0140188662787
2013-11-01,0.00473518359368
2013-11-04,-0.00189101704012
2013-11-05,0.00139469428049
2013-11-06,-0.0126690074965
2013-11-07,-0.00553202156724
2013-11-08,-0.0139283501741
2013-11-14,-0.00149483307697
2013-11-15,0.0200607507051
2013-11-18,0.0332534999766
2013-11-19,-0.00689200872823
2013-11-20,0.00526084505174
2013-11-21,-0.00612821411634
2013-11-22,-0.00499172195735
2013-11-25,-0.00389080718611
2013-11-26,-0.000506566525582
2013-11-27,0.0113344112054
2013-11-28,0.0103749047414
2013-11-29,-0.000241849864523
2013-12-02,-0.00826178585779
2013-12-03,0.00991818223161
2013-12-04,0.0132472019584
2013-12-05,-0.00280388180063
2013-12-06,-0.00644599303136
2013-12-09,-0.000579050601683
2013-12-10,0.000999645024012
2013-12-11,-0.0165326985473
2013-12-12,-0.00113562890631
2013-12-13,-0.00140247798773
2013-12-16,-0.0160888209288
2013-12-17,-0.00487347545525
2013-12-18,0.000360722803622
2013-12-19,-0.0105293077044
2013-12-20,-0.023267778821
2013-12-23,0.002835646624
2013-12-24,0.00159765385625
2013-12-25,0.00736807604064
2013-12-26,-0.0172573109309
2013-12-27,0.0168408134797
2013-12-30,-0.00174518554535
2013-12-31,0.0132944256478
2014-01-02,-0.00345489113874
2014-01-03,-0.0134368082412
2014-01-06,-0.0227608063629
2014-01-07,-0.000285887860487
2014-01-08,0.00174709562109
2014-01-09,-0.00878268976007
2014-01-10,-0.00781650781651
2014-01-13,-0.00506610427013
2014-01-14,0.00873874038146
2014-01-15,-0.00176695212057
2014-01-16,0.00131284688584
2014-01-17,-0.0150779441551
2014-01-20,-0.00573791938453
2014-01-21,0.00988924233261
2014-01-22,0.0257793463503
2014-01-23,-0.0053079597112
2014-01-24,0.00617861991406
2014-01-27,-0.0132521107192
2014-01-28,0.00177804252861
2014-01-29,0.00356779256349
2014-01-30,-0.0113700634713
2014-02-07,0.0045540193875
2014-02-10,0.0248815808504
2014-02-11,0.00795138322315
2014-02-12,0.00248954304416
2014-02-13,-0.00510638297872
2014-02-14,0.00702770283609
2014-02-17,0.00700479619441
2014-02-18,-0.0126359959336
2014-02-19,0.011487706139
2014-02-20,-0.00919147903979
2014-02-21,-0.0101204840346
2014-02-24,-0.0219848164325
2014-02-25,-0.0255587014735
2014-02-26,0.00254412834641
2014-02-27,-0.00429416658963
2014-02-28,0.0115407291178
2014-03-03,0.00523182971771
2014-03-04,-0.00278491761666
2014-03-05,-0.00928914465703
2014-03-06,0.00445937577981
2014-03-07,-0.00242451567194
2014-03-10,-0.0325453338007
2014-03-11,0.00518164353915
2014-03-12,0.00259406447697
2014-03-13,0.0123928046052
2014-03-14,-0.008171637084
2014-03-17,0.00951555463436
2014-03-18,-0.00229113782291
2014-03-19,-0.00807247454551
2014-03-20,-0.0159840065633
2014-03-21,0.0344183193817
2014-03-24,0.00822216045951
2014-03-25,-0.000969424088581
2014-03-26,-0.00155902209304
2014-03-27,-0.00706570553419
2014-03-28,-0.00173956608264
2014-03-31,-0.0026301604119
2014-04-01,0.00783208311979
2014-04-02,0.00814567913791
2014-04-03,-0.0072085952869
2014-04-04,0.00945030276996
2014-04-08,0.0237248738258
2014-04-09,0.000581052330467
2014-04-10,0.0156971705783
2014-04-11,-0.00135898247836
2014-04-14,-0.000907221216645
2014-04-15,-0.0172572632581
2014-04-16,0.00137701506194
2014-04-17,-0.0034624394745
2014-04-18,-0.000143833153542
2014-04-21,-0.0167364957203
2014-04-22,0.00436621328152
2014-04-23,-0.000969592134013
2014-04-24,-0.00191372734853
2014-04-25,-0.0103356813834
2014-04-28,-0.015158015158
2014-04-29,0.0110071804288
2014-04-30,8.80253142272e-05
2014-05-05,-0.00101451826596
2014-05-06,0.000398799890562
2014-05-07,-0.00927535425735
2014-05-08,-0.000851533696405
2014-05-09,-0.000744556309998
2014-05-12,0.0216222802274
2014-05-13,-0.00238526639297
2014-05-14,-0.00114030852702
2014-05-15,-0.0130226434723
2014-05-16,0.00087216894892
2014-05-19,-0.0143572776626
2014-05-20,0.000297852624413
2014-05-21,0.0095142666736
2014-05-22,-0.00235497916569
2014-05-23,0.00823137967121
2014-05-26,0.00352353601035
2014-05-27,-0.00403528789692
2014-05-28,0.0102781192951
2014-05-29,-0.00654112983152
2014-05-30,0.000603203474452
2014-06-03,-0.00303274811497
2014-06-04,-0.0100701421448
2014-06-05,0.0104920898194
2014-06-06,-0.00738398586441
2014-06-09,-0.000206116024584
2014-06-10,0.0126459508593
2014-06-11,-0.00023134545892
2014-06-12,-0.00340619316262
2014-06-13,0.0106017897196
2014-06-16,0.0071775171856
2014-06-17,-0.0101238217769
2014-06-18,-0.00434628307531
2014-06-19,-0.0154288412399
2014-06-20,0.00461702657846
2014-06-23,-0.00122617270315
2014-06-24,0.00501848545764
2014-06-25,-0.00533844331925
2014-06-26,0.00736393593235
2014-06-27,0.000549072161111
2014-06-30,0.00691079218327
2014-07-01,-0.000258646172037
2014-07-02,0.0029151421074
2014-07-03,0.00429320963485
2014-07-04,-0.000688013430022
2014-07-07,-0.00110157938945
2014-07-08,0.00192069990672
2014-07-09,-0.0145656670351
2014-07-10,-0.00272721772598
2014-07-11,0.00240800802669
2014-07-14,0.0110567455459
2014-07-15,0.00148266843482
2014-07-16,-0.00188967254871
2014-07-17,-0.00635689838636
2014-07-18,0.00327759414391
2014-07-21,0.000998086999917
2014-07-22,0.0121866777455
2014-07-23,0.00233958133808
2014-07-24,0.0178266744926
2014-07-25,0.0104782723367
2014-07-28,0.0280696321529
2014-07-29,0.00321442402857
2014-07-30,-0.00401480674453
2014-07-31,0.0121618769945
2014-08-01,-0.00887139665993
2014-08-04,0.0198420194041
2014-08-05,-0.00263931100092
2014-08-06,-0.00258720746196
2014-08-07,-0.015131896311
2014-08-08,0.00157682623976
2014-08-11,0.0146795759996
2014-08-12,-0.00350899444057
2014-08-13,0.00078487940434
2014-08-14,-0.00972911102633
2014-08-15,0.0105652946339
2014-08-18,0.00590096711471
2014-08-19,8.84374368304e-05
2014-08-20,-0.00363403613824
2014-08-21,-0.0050292882078
2014-08-22,0.00472339268724
2014-08-25,-0.00951229411168
2014-08-26,-0.00801157559564
2014-08-27,0.00150596577585
2014-08-28,-0.00700724784004
2014-08-29,0.0116861652418
2014-09-01,0.00728310004319
2014-09-02,0.0132211334341
2014-09-03,0.00937790702547
2014-09-04,0.00721509108118
2014-09-05,0.00949625343126
2014-09-09,-0.00164947780146
2014-09-10,-0.00523061319636
2014-09-11,-0.00369178146956
2014-09-12,0.00615238606119
2014-09-15,-0.000479830705884
2014-09-16,-0.0198712451635
2014-09-17,0.00526214437616
2014-09-18,0.00305247508672
2014-09-19,0.00687104032948
2014-09-22,-0.0190870068984
2014-09-23,0.00863417012762
2014-09-24,0.0176706425612
2014-09-25,-0.00200257181001
2014-09-26,9.43794958495e-05
2014-09-29,0.00434925324142
2014-09-30,0.00130321104665
2014-10-08,0.0111750761937
2014-10-09,0.00144449196653
2014-10-10,-0.00611210494931
2014-10-13,-0.004799760012
2014-10-14,-0.00341758487953
2014-10-15,0.00707524033745
2014-10-16,-0.00790220263244
2014-10-17,-0.00109229258714
2014-10-20,0.00531590306873
2014-10-21,-0.00868534368622
2014-10-22,-0.00606150267733
2014-10-23,-0.00938543975127
2014-10-24,-0.00218285933705
2014-10-27,-0.00915209289291
2014-10-28,0.0201871810134
2014-10-29,0.014371133594
2014-10-30,0.00715923275869
2014-10-31,0.0159542797892
2014-11-03,0.00168638770173
2014-11-04,0.000246761258482
2014-11-05,-0.00386762534966
2014-11-06,0.00104655575306
2014-11-07,-0.00156420211726
2014-11-10,0.0254101472733
2014-11-11,-0.00277503868295
2014-11-12,0.0139567968545
2014-11-13,-0.00561611520553
2014-11-14,0.000519430177343
2014-11-17,-0.00542019069463
2014-11-18,-0.0100035059016
2014-11-19,-0.00165261940175
2014-11-20,-4.72958592475e-05
2014-11-21,0.0182728311852
2014-11-24,0.0254697189041
2014-11-25,0.0137019394095
2014-11-26,0.0139486736472
2014-11-27,0.0115570212485
2014-11-28,0.0197241594633
2014-12-01,0.00391267507352
2014-12-02,0.036928019973
2014-12-03,0.0149148067334
2014-12-04,0.0460986335529
2014-12-05,0.00661652197723
2014-12-08,0.0409582417301
2014-12-09,-0.0448740808145
2014-12-10,0.0368983974431
2014-12-11,-0.0119631854232
2014-12-12,0.00321079732706
2014-12-15,0.00751590082769
2014-12-16,0.0267839103825
2014-12-17,0.0173154931283
2014-12-18,-0.00436529191216
2014-12-19,0.0111299399569
2014-12-22,0.00334301852996
2014-12-23,-0.0204920930452
2014-12-24,-0.0284307592363
2014-12-25,0.0325131021332
2014-12-26,0.0331052760972
2014-12-29,0.00279177210782
2014-12-30,0.000604839876601
2014-12-31,0.0220271579587
2015-01-05,0.0305146715492
2015-01-06,-0.000131812365098
2015-01-07,0.00074978165699
2015-01-08,-0.0231983731225
2015-01-09,-0.00352320426156
2015-01-12,-0.00934384445347
2015-01-13,0.000130920599503
2015-01-14,-0.00330673526767
2015-01-15,0.0290370658002
2015-01-16,0.00860959124557
2015-01-19,-0.0770229564117
2015-01-20,0.0122378664505
2015-01-21,0.0449529182444
2015-01-22,0.00527488876804
2015-01-23,0.00115483474931
2015-01-26,0.010151943176
2015-01-27,-0.0091629965715
2015-01-28,-0.0138771947982
2015-01-29,-0.0123449786119
2015-01-30,-0.0136165201907
2015-02-02,-0.0234190059952
2015-02-03,0.024892962349
2015-02-04,-0.0103797873424
2015-02-05,-0.0102358478086
2015-02-06,-0.0161956667013
2015-02-09,0.0101134517966
2015-02-10,0.0182371365723
2015-02-11,0.00797783348107
2015-02-12,0.00254795988492
2015-02-13,0.007830676151
2015-02-16,0.00854508722329
2015-02-17,0.00652668396447
2015-02-25,-0.0123753662359
2015-02-26,0.0251701051821
2015-02-27,0.00183664256132
2015-03-02,0.00795445639883
2015-03-03,-0.0259242598424
2015-03-04,0.00653382365518
2015-03-05,-0.009765436924
2015-03-06,-0.00509675832442
2015-03-09,0.0170273564619
2015-03-10,-0.00484488728712
2015-03-11,0.00114752841127
2015-03-12,0.0193466017902
2015-03-13,0.00690818405495
2015-03-16,0.0243278804531
2015-03-17,0.013884128916
2015-03-18,0.0236697257474
2015-03-19,-0.0016406442974
2015-03-20,0.0137587440816
2015-03-23,0.020420955821
2015-03-24,0.000249240948022
2015-03-25,-0.00821535092687
2015-03-26,0.00243375689332
2015-03-27,0.00549367088608
2015-03-30,0.0293274920059
2015-03-31,-0.00904558996913
2015-04-01,0.017945300158
2015-04-02,0.000213390237397
2015-04-03,0.0110939250093
2015-04-07,0.0214600507368
2015-04-08,0.00839428737758
2015-04-09,-0.00783556031473
2015-04-10,0.0193048562459
2015-04-13,0.0176433217783
2015-04-14,0.00387010384364
2015-04-15,-0.0129940651348
2015-04-16,0.0303708928869
2015-04-17,0.0182982353137
2015-04-20,-0.0161483331665
2015-04-21,0.0215041398344
2015-04-22,0.0261194676088
2015-04-23,0.000227857234784
2015-04-24,-0.00806810535575
2015-04-27,0.0223172515863
2015-04-28,-0.0136721309429
2015-04-29,0.00684752396739
2015-04-30,-0.00511904288141
2015-05-04,0.00796860558876
2015-05-05,-0.0398726747902
2015-05-06,-0.00946519783155
2015-05-07,-0.0182811261209
2015-05-08,0.0197557543584
2015-05-11,0.028986047736
2015-05-12,0.012128693346
2015-05-13,-0.0061043682674
2015-05-14,-0.00374276243843
2015-05-15,-0.017722590719
2015-05-18,-0.00916735788213
2015-05-19,0.0341148030443
2015-05-20,0.00500927879067
2015-05-21,0.01809914783
2015-05-22,0.0227949712661
2015-05-25,0.0299232731408
2015-05-26,0.0194980282342
2015-05-27,-0.00336416024867
2015-05-28,-0.0670509878547
2015-05-29,0.00141083696558
2015-06-01,0.0486176957257
2015-06-02,0.0168808040692
2015-06-03,-0.00354135226187
2015-06-04,0.00735478527643
2015-06-05,0.00948195668369
2015-06-08,0.0235539283632
2015-06-09,-0.00677842633668
2015-06-10,-0.00157029860121
2015-06-11,-0.000474655827436
2015-06-12,0.00537633395457
2015-06-15,-0.0213584699126
2015-06-16,-0.0299453953807
2015-06-17,0.0146125627367
2015-06-18,-0.0405306266212
2015-06-19,-0.0595268276359
2015-06-23,0.0321411242061
2015-06-24,0.0196486066915
2015-06-25,-0.0355748719809
2015-06-26,-0.0786844632552
2015-06-27,0.0
2015-06-29,-0.0333564719258
2015-06-30,0.0671469981272
2015-07-01,-0.0491795215739
2015-07-02,-0.034098123216
2015-07-03,-0.0540603700097
2015-07-06,0.0289815539177
2015-07-07,-0.0176414391253
2015-07-08,-0.0674541751527
2015-07-09,0.064042434699
2015-07-10,0.053604369835
2015-07-13,0.0256297241487
2015-07-14,-0.0236620360368
2015-07-15,-0.0353562005277
2015-07-16,0.00771410420595
2015-07-17,0.0385604498969
2015-07-20,0.00219438757076
2015-07-21,0.00129788660797
2015-07-22,-0.00212433479516
2015-07-23,0.0225273985124
2015-07-24,-0.0175331289801
2015-07-27,-0.0856144702941
2015-07-28,-0.0020006651426
2015-07-29,0.0313007564765
2015-07-30,-0.0292516245249
2015-07-31,0.000338102589237
2015-08-03,0.0032855608248
2015-08-04,0.0310557708579
2015-08-05,-0.0205817393419
2015-08-06,-0.00906410820037
2015-08-07,0.01959627856
2015-08-10,0.0454114985129
2015-08-11,-0.00433115592161
2015-08-12,-0.0124278586657
2015-08-13,0.0147729281672
2015-08-14,-0.000471112463378
2015-08-17,0.00106295752589
2015-08-18,-0.0619097715229
2015-08-19,0.0158754225037
2015-08-20,-0.0320858229503
2015-08-21,-0.0457031198075
2015-08-24,-0.0874791756047
2015-08-25,-0.0710114088407
2015-08-26,-0.00566559204451
2015-08-27,0.059474037327
2015-08-28,0.0426279931621
2015-08-31,0.00725550445952
2015-09-01,-0.0013248023193
2015-09-02,0.00111538095465
2015-09-07,-0.0342679220281
2015-09-08,0.0256976640445
2015-09-09,0.019582965909
2015-09-10,-0.0122819042688
2015-09-11,-0.00308855240115
2015-09-14,-0.0197359576242
2015-09-15,-0.0392852462414
2015-09-16,0.0498123550629
2015-09-17,-0.0218327415578
2015-09-18,0.00440840284214
2015-09-21,0.0175254592821
2015-09-22,0.00930401269553
2015-09-23,-0.0227611012779
2015-09-24,0.00673300582587
2015-09-25,-0.0161491628615
2015-09-28,0.00334163585452
2015-09-29,-0.0197054968777
2015-09-30,0.00758135803828
2015-10-08,0.029201205139
2015-10-09,0.0132383633451
2015-10-12,0.032205429745
2015-10-13,-0.000768630590337
2015-10-14,-0.0113003042055
2015-10-15,0.0236927169117
2015-10-16,0.0135539361193
2015-10-19,3.11255860805e-05
2015-10-20,0.0123140304116
2015-10-21,-0.029194734047
2015-10-22,0.0147642697761
2015-10-23,0.0132528308739
2015-10-26,0.00504586642175
2015-10-27,0.00100856443947
2015-10-28,-0.0189151878159
2015-10-29,0.0023801958626
2015-10-30,0.000217925967436
2015-11-02,-0.0164455813111
2015-11-03,-0.00301211751574
2015-11-04,0.0470496235742
2015-11-05,0.0213391612053
2015-11-06,0.023583569214
2015-11-09,0.0123847660523
2015-11-10,-0.00185139375317
2015-11-11,0.000106959125961
2015-11-12,-0.00999830448789
2015-11-13,-0.0129317159027
2015-11-16,0.00477545485607
2015-11-17,-0.00152492076522
2015-11-18,-0.0113905156197
2015-11-19,0.0159840455595
2015-11-20,-0.000156292632789
2015-11-23,-0.00557442546855
2015-11-24,0.000146536151801
2015-11-25,0.007384339978
2015-11-26,-0.00586522671561
2015-11-27,-0.0538485887488
2015-11-30,0.00264830657382
2015-12-01,0.00709116450436
2015-12-02,0.0362641646017
2015-12-03,0.00734829860691
2015-12-04,-0.0191262368976
2015-12-07,0.00272461041062
2015-12-08,-0.0175154097098
2015-12-09,0.00356608575167
2015-12-10,-0.00353691205025
2015-12-11,-0.00414564403767
2015-12-14,0.0286192579946
2015-12-15,-0.00456171928047
2015-12-16,-0.00242259209233
2015-12-17,0.0191157636537
2015-12-18,0.00320030671825
2015-12-21,0.0260223837618
2015-12-22,0.00278585396641
2015-12-23,-0.00266977581622
2015-12-24,-0.00956450219585
2015-12-25,0.00229801013214
2015-12-28,-0.0288077744776
2015-12-29,0.00918546100337
2015-12-30,0.000879881548272
2015-12-31,-0.00907791924954
2016-01-04,-0.0702036987403
2016-01-05,0.00279902106328
2016-01-06,0.0175435066316
2016-01-07,-0.0693342298033
2016-01-08,0.02039230447
2016-01-11,-0.0503070003213
2016-01-12,0.00728594026531
2016-01-13,-0.0186055334592
2016-01-14,0.0208151133757
2016-01-15,-0.0319223235876
2016-01-18,0.00384772006554
2016-01-19,0.0295138833435
2016-01-20,-0.0151250492534
2016-01-21,-0.0293065102477
2016-01-22,0.0104207571357
2016-01-25,0.00495590115177
2016-01-26,-0.0602066547562
2016-01-27,-0.00345518294446
2016-01-28,-0.0261368095961
2016-01-29,0.0323538069074
2016-02-01,-0.0152880597674
2016-02-02,0.0207786835801
2016-02-03,-0.00428523670108
2016-02-04,0.0122497151229
2016-02-05,-0.00702569050778
2016-02-15,-0.00576289143293
2016-02-16,0.0306545265737
2016-02-17,0.0086531622896
2016-02-18,-0.00314038363606
2016-02-19,-0.0006942397747
2016-02-22,0.0220508720073
2016-02-23,-0.00946176018879
2016-02-24,0.00653533417925
2016-02-25,-0.0613593606792
2016-02-26,0.0100316916488
2016-02-29,-0.0239346275309
2016-03-01,0.0184954143744
2016-03-02,0.0411643674357
2016-03-03,0.00232357693203
2016-03-04,0.0115974915152
2016-03-07,0.00353923378013
2016-03-08,0.000911480140684
2016-03-09,-0.0115070132929
2016-03-10,-0.0191281645621
2016-03-11,0.00170253721189
2016-03-14,0.0157076215593
2016-03-15,0.00296507474663
2016-03-16,0.00495970443414
2016-03-17,0.0110581450666
2016-03-18,0.0152871135011
2016-03-21,0.0244265375352
2016-03-22,-0.00727817716283
2016-03-23,0.00319301628438
2016-03-24,-0.016760967711
2016-03-25,0.00501909266622
2016-03-28,-0.00878410917438
2016-03-29,-0.010827420632
2016-03-30,0.0257924800903
2016-03-31,0.000562761948587
2016-04-01,0.00118082465065
2016-04-05,0.0132220528944
2016-04-06,-0.00213203287497
2016-04-07,-0.014808766151
2016-04-08,-0.00734118761471
2016-04-11,0.0139277339888
2016-04-12,-0.00360669948299
2016-04-13,0.0133387189486
2016-04-14,0.00443063979052
2016-04-15,-0.00110506344957
2016-04-18,-0.0133732248236
2016-04-19,0.00305099970574
2016-04-20,-0.0176852052003
2016-04-21,-0.00642244807499
2016-04-22,0.00452445738151
2016-04-25,-0.00405367098176
2016-04-26,0.00541740590696
2016-04-27,-0.00416462210144
2016-04-28,-0.00168671349876
2016-04-29,-0.00121180289694
2016-05-03,0.0179900213828
2016-05-04,-0.001269627887
2016-05-05,0.00138964187122
2016-05-06,-0.0260025140638
2016-05-09,-0.0206781989234
2016-05-10,0.00113843203006
2016-05-11,0.0044638347925
2016-05-12,0.00237770086382
2016-05-13,-0.00491887098966
2016-05-16,0.00662451950282
2016-05-17,-0.00300131489253
2016-05-18,-0.00582627461909
2016-05-19,-0.0018057130937
2016-05-20,0.00513306122449
2016-05-23,0.00292376763194
2016-05-24,-0.00766385291622
2016-05-25,-0.00141338834558
2016-05-26,0.00162786060545
2016-05-27,-0.000558055746832
2016-05-30,0.00137469387755
2016-05-31,0.0335375695778
2016-06-01,-0.00284266585898
2016-06-02,0.0020724241034
2016-06-03,0.00701903949986
2016-06-06,-0.00330476934027
2016-06-07,-0.000547378090405
2016-06-08,-0.00411073165358
2016-06-13,-0.0308629294024
2016-06-14,0.00314381314531
2016-06-15,0.0131307745824
2016-06-16,-0.00696322965502
2016-06-17,0.00507000746445
2016-06-20,0.000742679304003
2016-06-21,-0.0020400492182
2016-06-22,0.00889798861676
2016-06-23,-0.0053095763826
2016-06-24,-0.012882860919
2016-06-27,0.0140974144991
2016-06-28,0.00508245367789
2016-06-29,0.00477936487693
2016-06-30,0.000802820342769
2016-07-01,8.87784090908e-05
2016-07-04,0.0160103988333
2016-07-05,0.000836271725903
2016-07-06,0.00293697659772
2016-07-07,-0.00212944541159
2016-07-08,-0.0055047586411
2016-07-11,0.00346147581039
2016-07-12,0.0218054337205
2016-07-13,0.00296042380804
2016-07-14,-0.00186117634874
2016-07-15,-0.000146486163161
2016-07-18,-0.00435249734455
2016-07-19,-0.00422744189183
2016-07-20,-0.00327255151267
2016-07-21,0.00460835186558
2016-07-22,-0.00841193905034
2016-07-25,0.00177665604187
2016-07-26,0.0119781236749
2016-07-27,-0.0157053330846
2016-07-28,0.000901113652183
2016-07-29,-0.00534282893634
2016-08-01,-0.00846460440771
2016-08-02,0.00385292164152
2016-08-03,0.00139853561405
2016-08-04,0.00243619089967
2016-08-05,0.00119326896345
2016-08-08,0.00906989151698
2016-08-09,0.00704970038773
2016-08-10,-0.00418792869468
2016-08-11,-0.00307707486727
2016-08-12,0.018825617933
2016-08-15,0.0301102230263
2016-08-16,-0.00447041627621
2016-08-17,-0.00153925849182
2016-08-18,-0.00253776255911
2016-08-19,0.00015752758962
2016-08-22,-0.00838925177265
2016-08-23,0.00151043368027
2016-08-24,-0.00358186981384
2016-08-25,-0.00627353702558
2016-08-26,-0.000568152627555
2016-08-29,0.000208642643533
2016-08-30,0.00127275695482
2016-08-31,0.00477054580479
2016-09-01,-0.00787609795089
2016-09-02,0.0037951526239
2016-09-05,0.00168069255396
2016-09-06,0.00691331694621
2016-09-07,-0.00054148978499
2016-09-08,-0.000377152914554
2016-09-09,-0.00644396267772
2016-09-12,-0.016708659329
2016-09-13,-0.00069576411451
2016-09-14,-0.00662509623259
2016-09-19,0.00753072963785
2016-09-20,-0.00175292358234
2016-09-21,0.00283661816172
2016-09-22,0.00749393872603
2016-09-23,-0.0046944505214
2016-09-26,-0.0169095177475
2016-09-27,0.00635659011018
2016-09-28,-0.00304250559284
2016-09-29,0.00417841523543
2016-09-30,0.00274011447452
2016-10-10,0.0124766389613
2016-10-11,0.00385261106237
2016-10-12,-0.00198091067454
2016-10-13,0.000799997575765
2016-10-14,0.00096891889846
2016-10-17,-0.00846075895761
2016-10-18,0.0132555188109
2016-10-19,-0.00153251859948
2016-10-20,0.000711649337804
2016-10-21,0.00275417344663
2016-10-24,0.0119720891656
2016-10-25,-3.86033887837e-05
2016-10-26,-0.00375655169342
2016-10-27,-0.00271253129844
2016-10-28,-0.0016648235048
2016-10-31,-0.00115264974717
2016-11-01,0.00682496672941
2016-11-02,-0.00765097274527
2016-11-03,0.00951895240524
2016-11-04,-0.00324212202979
2016-11-07,0.000721489966221
2016-11-08,0.00432879797652
2016-11-09,-0.00536023636062
2016-11-10,0.0112017416979
2016-11-11,0.00784814531898
2016-11-14,0.00381304100994
2016-11-15,-0.000110779097733
2016-11-16,-8.16357471274e-05
2016-11-17,0.00202356549908
2016-11-18,-0.00554920224762
2016-11-21,0.00692034434931
2016-11-22,0.00791895638326
2016-11-23,0.00183660289013
2016-11-24,0.00403196795147
2016-11-25,0.00933288235867
2016-11-28,0.00391332746429
2016-11-29,0.00819217669756
2016-11-30,-0.0073063153051
2016-12-01,0.00764273600904
2016-12-02,-0.0101233085744
2016-12-05,-0.0168718740702
2016-12-06,-0.00295727515629
2016-12-07,0.00479886677363
2016-12-08,-0.00161404013522
2016-12-09,0.00678935143827
2016-12-12,-0.0241921172396
2016-12-13,-0.00121436826451
2016-12-14,-0.0076621713695
2016-12-15,-0.0113999911215
2016-12-16,0.00167643087866
2016-12-19,-0.00509559089428
2016-12-20,-0.00598381486221
2016-12-21,0.00890887442355
2016-12-22,-0.000859657215429
2016-12-23,-0.00841510101419
2016-12-26,0.00447454347563
2016-12-27,-0.00180893330123
2016-12-28,-0.00437222401467
2016-12-29,-0.00125079878494
2016-12-30,0.00373586919606
2017-01-03,0.00971275618716
2017-01-04,0.00780317333038
2017-01-05,-0.000154380089719
2017-01-06,-0.00597424423732
2017-01-09,0.00484814811496
2017-01-10,-0.00167365260561
2017-01-11,-0.00707804911457
2017-01-12,-0.00506222822012
2017-01-13,0.00069025385668
2017-01-16,-0.000138557972957
2017-01-17,0.0020816701562
2017-01-18,0.00391118219315
2017-01-19,-0.00301853343595
2017-01-20,0.00768932715384
2017-01-23,0.00273928504362
2017-01-24,0.000109985493805
2017-01-25,0.00340323084011
2017-01-26,0.00357238069848
2017-02-03,-0.00692747257937
2017-02-06,0.00259177468205
2017-02-07,-0.00223229505427
2017-02-08,0.00523222647429
2017-02-09,0.0038424137452
2017-02-10,0.00506434962857
2017-02-13,0.00667352182078
2017-02-14,-0.000136776213743
2017-02-15,-0.00410093719076
2017-02-16,0.00561707450368
2017-02-17,-0.00566416637363
2017-02-20,0.0145991161616
2017-02-21,0.00246299032952
